file,title,kind,match,target,changed
blog/about-cssbuy-your-fashion-discovery-resource.md,About CSSBuy - Your Fashion Discovery Resource,all-products,All Products,https://repsootd.com/products/,False
blog/best-cssbuy-2026-top-fashion-finds-you-should-know.md,Best CSSBuy 2026: Top Fashion Finds You Should Know,all-products,All Products,https://repsootd.com/products/,False
blog/best-cssbuy-shipping-lines-to-brazil-how-to-compare.md,Best CSSBuy Shipping Lines to Brazil: How to Compare Options,all-products,All Products,https://repsootd.com/products/,True
blog/cssbuy-1-the-original-and-most-trusted-product-database.md,CSSBuy #1: The Original and Most Trusted Product Database,all-products,All Products,https://repsootd.com/products/,False
blog/cssbuy-10-000-your-gateway-to-10-000-verified-products.md,"CSSBuy 10 000: Your Gateway to 10,000+ Verified Products",all-products,All Products,https://repsootd.com/products/,False
blog/cssbuy-10000-milestone-achievement-in-comprehensive-product-database.md,CSSBuy 10000: Milestone Achievement in Comprehensive Product Database,all-products,All Products,https://repsootd.com/products/,False
blog/cssbuy-10k-complete-product-database-with-10-000-items.md,"CSSBuy 10k: Complete Product Database with 10,000+ Items",all-products,All Products,https://repsootd.com/products/,False
blog/cssbuy-15000-comprehensive-product-database-for-smart-shoppers.md,CSSBuy 15000: Comprehensive Product Database for Smart Shoppers,all-products,All Products,https://repsootd.com/products/,False
blog/cssbuy-20000-the-comprehensive-database-with-20-000-products.md,"CSSBuy 20000: The Comprehensive Database with 20,000+ Products",all-products,All Products,https://repsootd.com/products/,False
blog/cssbuy-2024-complete-archive-of-verified-sellers-and-quality-data.md,CSSBuy 2024: Complete Archive of Verified Sellers and Quality Data,all-products,All Products,https://repsootd.com/products/,False
blog/cssbuy-2025-best-batch-2026-top-performing-batches-from-last-year.md,CSSBuy 2025 Best Batch 2026: Top Performing Batches from Last Year,all-products,All Products,https://repsootd.com/products/,False
blog/cssbuy-2025-best-batch-top-production-runs-and-quality-performance.md,CSSBuy 2025 Best Batch: Top Production Runs and Quality Performance,all-products,All Products,https://repsootd.com/products/,False
blog/cssbuy-2025-cheap-budget-friendly-products-with-verified-quality.md,CSSBuy 2025 Cheap: Budget-Friendly Products with Verified Quality,all-products,All Products,https://repsootd.com/products/,False
blog/cssbuy-2025-complete-guide-to-verified-sellers-and-quality-data.md,CSSBuy 2025: Complete Guide to Verified Sellers and Quality Data,all-products,All Products,https://repsootd.com/products/,False
blog/cssbuy-2025-polska-polish-market-guide-to-replica-shopping.md,CSSBuy 2025 Polska: Polish Market Guide to Replica Shopping,all-products,All Products,https://repsootd.com/products/,False
blog/cssbuy-2025-reddit-community-verified-replica-data-and-discussions.md,CSSBuy 2025 Reddit: Community-Verified Replica Data and Discussions,all-products,All Products,https://repsootd.com/products/,False
blog/cssbuy-2025-women-comprehensive-guide-to-womens-replica-products.md,CSSBuy 2025 Women: Comprehensive Guide to Women''''s Replica Products,all-products,All Products,https://repsootd.com/products/,False
blog/cssbuy-2026-best-batch-2026-current-top-performers-and-emerging-leaders.md,CSSBuy 2026 Best Batch 2026: Current Top Performers and Emerging Leaders,all-products,All Products,https://repsootd.com/products/,False
blog/cssbuy-2026-best-batch-discover-top-rated-products-with-proven-quality.md,CSSBuy 2026 Best Batch: Discover Top-Rated Products with Proven Quality,all-products,All Products,https://repsootd.com/products/,False
blog/cssbuy-2026-budget-smart-shopping-strategies-for-maximum-savings.md,CSSBuy 2026 Budget: Smart Shopping Strategies for Maximum Savings,all-products,All Products,https://repsootd.com/products/,False
blog/cssbuy-2026-polska-your-guide-to-shopping-from-poland.md,CSSBuy 2026 Polska: Your Guide to Shopping from Poland,all-products,All Products,https://repsootd.com/products/,False
blog/cssbuy-2026-summer-your-complete-guide-to-seasonal-shopping.md,CSSBuy 2026 Summer: Your Complete Guide to Seasonal Shopping,all-products,All Products,https://repsootd.com/products/,False
blog/cssbuy-2026-the-ultimate-guide-to-find-trending-products.md,CSSBuy 2026: The Ultimate Guide To Find Trending Products,all-products,All Products,https://repsootd.com/products/,False
blog/cssbuy-2026-tiktok-discover-trending-products-from-social-media.md,CSSBuy 2026 TikTok: Discover Trending Products from Social Media,all-products,All Products,https://repsootd.com/products/,False
blog/cssbuy-2026-ultimate-database-of-verified-sellers-and-quality-metrics.md,CSSBuy 2026: Ultimate Database of Verified Sellers and Quality Metrics,all-products,All Products,https://repsootd.com/products/,False
blog/cssbuy-2026-with-qc-current-year-products-and-quality-control-documentation.md,CSSBuy 2026 With QC: Current Year Products & Quality Control Documentation,all-products,All Products,https://repsootd.com/products/,False
blog/cssbuy-2026-women-your-complete-guide-to-womens-fashion-and-accessories.md,CSSBuy 2026 Women: Your Complete Guide to Women''''s Fashion and Accessories,all-products,All Products,https://repsootd.com/products/,False
blog/cssbuy-3000-premium-product-selection-for-discerning-shoppers.md,CSSBuy 3000: Premium Product Selection for Discerning Shoppers,all-products,All Products,https://repsootd.com/products/,False
blog/cssbuy-4000-essential-product-database-for-quality-focused-buyers.md,CSSBuy 4000: Essential Product Database for Quality-Focused Buyers,all-products,All Products,https://repsootd.com/products/,False
blog/cssbuy-5000-streamlined-product-database-for-smart-shoppers.md,CSSBuy 5000: Streamlined Product Database for Smart Shoppers,all-products,All Products,https://repsootd.com/products/,False
blog/cssbuy-6000-focused-product-database-for-efficient-shopping.md,CSSBuy 6000+: Focused Product Database for Efficient Shopping,all-products,All Products,https://repsootd.com/products/,False
blog/cssbuy-8000-curated-product-database-for-quality-conscious-buyers.md,CSSBuy 8000: Curated Product Database for Quality-Conscious Buyers,all-products,All Products,https://repsootd.com/products/,False
blog/cssbuy-accessories-2026-complete-accessory-sourcing-guide.md,CSSBuy Accessories 2026: Complete Accessory Sourcing Guide,all-products,All Products,https://repsootd.com/products/,False
blog/cssbuy-accessories-2026-complete-guide-to-hats-jewelry-and-more.md,"CSSBuy Accessories 2026: Complete Guide to Hats, Jewelry & More",all-products,All Products,https://repsootd.com/products/,False
blog/cssbuy-accessories-guide-2026-complete-buyers-handbook-for-verified-add-ons.md,CSSBuy Accessories Guide 2026: Complete Buyer''''s Handbook for Verified Add-Ons,all-products,All Products,https://repsootd.com/products/,False
blog/cssbuy-account-creation-2026-complete-registration-and-setup-guide.md,CSSBuy Account Creation 2026: Complete Registration & Setup Guide,all-products,All Products,https://repsootd.com/products/,False
blog/cssbuy-account-security-2026-complete-guide-to-protecting-your-account-and-personal-data.md,CSSBuy Account Security 2026: Complete Guide to Protecting Your Account & Personal Data,all-products,All Products,https://repsootd.com/products/,False
blog/cssbuy-account-setup-first-order-checklist-brazil.md,CSSBuy Account Setup and First Order Checklist for Brazil,all-products,All Products,https://repsootd.com/products/,True
blog/cssbuy-acne-studios-2026-complete-guide-to-scandinavian-minimalist-fashion.md,CSSBuy Acne Studios 2026: Complete Guide to Scandinavian Minimalist Fashion,all-products,All Products,https://repsootd.com/products/,False
blog/cssbuy-adidas-2026-complete-adidas-product-sourcing-guide.md,CSSBuy Adidas 2026: Complete Adidas Product Sourcing Guide,all-products,All Products,https://repsootd.com/products/,False
blog/cssbuy-adidas-2026-complete-guide-to-tracksuits-and-shoes.md,CSSBuy Adidas 2026: Complete Guide to Tracksuits & Shoes,category,Shoes & Sneakers,https://repsootd.com/products/?q=Shoes+%26+Sneakers,False
blog/cssbuy-adidas-guide-2026-complete-resource-for-three-stripe-products.md,CSSBuy Adidas Guide 2026: Complete Resource for Three-Stripe Products,all-products,All Products,https://repsootd.com/products/,False
blog/cssbuy-adidas-superstar-2026-complete-guide-to-iconic-shell-toe-sneakers.md,CSSBuy Adidas Superstar 2026: Complete Guide to Iconic Shell-Toe Sneakers,category,Shoes & Sneakers,https://repsootd.com/products/?q=Shoes+%26+Sneakers,False
blog/cssbuy-affordable-fashion-2026-stylish-clothing-without-the-price-tag.md,CSSBuy Affordable Fashion 2026: Stylish Clothing Without the Price Tag,all-products,All Products,https://repsootd.com/products/,False
blog/cssbuy-affordable-luxury-2026-premium-style-without-the-premium-price-tag.md,CSSBuy Affordable Luxury 2026: Premium Style Without the Premium Price Tag,all-products,All Products,https://repsootd.com/products/,False
blog/cssbuy-africa-shipping-2026-complete-guide-to-continental-delivery.md,CSSBuy Africa Shipping 2026: Complete Guide to Continental Delivery,all-products,All Products,https://repsootd.com/products/,False
blog/cssbuy-air-force-1-2026-your-guide-to-buying-af1-sneakers.md,CSSBuy Air Force 1 2026: Your Guide to Buying AF1 Sneakers,category,Shoes & Sneakers,https://repsootd.com/products/?q=Shoes+%26+Sneakers,False
blog/cssbuy-air-max-2026-complete-guide-to-air-max-shoes.md,CSSBuy Air Max 2026: Complete Guide to Air Max Shoes,category,Shoes & Sneakers,https://repsootd.com/products/?q=Shoes+%26+Sneakers,False
blog/cssbuy-airpods-2026-complete-guide-to-verified-audio-deals.md,CSSBuy AirPods 2026: Complete Guide to Verified Audio Deals,all-products,All Products,https://repsootd.com/products/,False
blog/cssbuy-alexander-mcqueen-2026-premium-replica-sneakers-with-verified-quality-data.md,CSSBuy Alexander McQueen 2026: Premium Replica Sneakers with Verified Quality Data,category,Shoes & Sneakers,https://repsootd.com/products/?q=Shoes+%26+Sneakers,False
blog/cssbuy-alo-yoga-2026-complete-guide-to-luxury-activewear.md,CSSBuy Alo Yoga 2026: Complete Guide to Luxury Activewear,all-products,All Products,https://repsootd.com/products/,False
blog/cssbuy-alpha-industries-2026-complete-guide-to-military-outerwear.md,CSSBuy Alpha Industries 2026: Complete Guide to Military Outerwear,category,Outerwear,https://repsootd.com/products/?q=Outerwear,False
blog/cssbuy-alternative-2026-best-platform-comparison-guide.md,CSSBuy Alternative 2026: Best Platform Comparison Guide,all-products,All Products,https://repsootd.com/products/,False
blog/cssbuy-alternatives-2026-top-platform-options-compared.md,CSSBuy Alternatives 2026: Top Platform Options Compared,all-products,All Products,https://repsootd.com/products/,False
blog/cssbuy-ami-2026-the-complete-guide-to-contemporary-parisian-luxury.md,CSSBuy AMI 2026: The Complete Guide to Contemporary Parisian Luxury,all-products,All Products,https://repsootd.com/products/,False
blog/cssbuy-amiri-2026-the-complete-guide-to-la-luxury-streetwear.md,CSSBuy Amiri 2026: The Complete Guide to LA Luxury Streetwear,brand,Amiri,https://repsootd.com/products/?q=Amiri,False
blog/cssbuy-apple-watch-2026-complete-guide-to-verified-smartwatch-deals.md,CSSBuy Apple Watch 2026: Complete Guide to Verified Smartwatch Deals,category,Mechanical Watches,https://repsootd.com/products/?q=Mechanical+Watches,False
blog/cssbuy-archive-2026-complete-historical-product-database-and-qc-records.md,CSSBuy Archive 2026: Complete Historical Product Database & QC Records,all-products,All Products,https://repsootd.com/products/,False
blog/cssbuy-archive-fashion-historical-data-on-luxury-brand-replicas.md,CSSBuy Archive Fashion: Historical Data on Luxury Brand Replicas,all-products,All Products,https://repsootd.com/products/,False
blog/cssbuy-arcteryx-2026-premium-outdoor-gear-at-unbeatable-prices.md,CSSBuy Arcteryx 2026: Premium Outdoor Gear at Unbeatable Prices,all-products,All Products,https://repsootd.com/products/,False
blog/cssbuy-article-generation-prompt.md,CSSBuy Article Generation Prompt,all-products,All Products,https://repsootd.com/products/,False
blog/cssbuy-asia-shipping-2026-complete-guide-to-asia-pacific-delivery.md,CSSBuy Asia Shipping 2026: Complete Guide to Asia-Pacific Delivery,all-products,All Products,https://repsootd.com/products/,False
blog/cssbuy-asics-2026-complete-guide-to-performance-and-lifestyle-footwear.md,CSSBuy Asics 2026: Complete Guide to Performance and Lifestyle Footwear,category,Shoes & Sneakers,https://repsootd.com/products/?q=Shoes+%26+Sneakers,False
blog/cssbuy-audemars-piguet-2026-premium-replica-watches-with-verified-quality-data.md,CSSBuy Audemars Piguet 2026: Premium Replica Watches with Verified Quality Data,all-products,All Products,https://repsootd.com/products/,False
blog/cssbuy-australia-2026-complete-guide-to-shopping-from-china.md,CSSBuy Australia 2026: Complete Guide to Shopping from China,all-products,All Products,https://repsootd.com/products/,False
blog/cssbuy-australia-guide-2026-fashion-discovery-for-australian-users.md,CSSBuy Australia Guide 2026: Fashion Discovery for Australian Users,all-products,All Products,https://repsootd.com/products/,False
blog/cssbuy-authentic-check-2026-comprehensive-quality-verification-for-smart-buyers.md,CSSBuy Authentic Check 2026: Comprehensive Quality Verification for Smart Buyers,all-products,All Products,https://repsootd.com/products/,False
blog/cssbuy-backpack-2026-complete-guide-to-verified-bags-and-packs.md,CSSBuy Backpack 2026: Complete Guide to Verified Bags and Packs,category,Bags,https://repsootd.com/products/?q=Bags,False
blog/cssbuy-bags-2026-complete-bag-sourcing-guide.md,CSSBuy Bags 2026: Complete Bag Sourcing Guide,category,Bags,https://repsootd.com/products/?q=Bags,False
blog/cssbuy-bags-2026-complete-guide-to-backpacks-crossbody-and-more.md,"CSSBuy Bags 2026: Complete Guide to Backpacks, Crossbody & More",category,Bags,https://repsootd.com/products/?q=Bags,False
blog/cssbuy-bags-guide-2026-complete-handbook-for-verified-bag-purchases.md,CSSBuy Bags Guide 2026: Complete Handbook for Verified Bag Purchases,category,Bags,https://repsootd.com/products/?q=Bags,False
blog/cssbuy-balance-guide.md,cssbuy Balance Guide,all-products,All Products,https://repsootd.com/products/,False
blog/cssbuy-balenciaga-2026-the-complete-buyers-guide-to-luxury-streetwear-sneakers.md,CSSBuy Balenciaga 2026: The Complete Buyer''''s Guide to Luxury Streetwear Sneakers,brand,Balenciaga,https://repsootd.com/products/?q=Balenciaga,False
blog/cssbuy-balenciaga-slides-2026-complete-guide-to-luxury-comfort-footwear.md,CSSBuy Balenciaga Slides 2026: Complete Guide to Luxury Comfort Footwear,brand,Balenciaga,https://repsootd.com/products/?q=Balenciaga,False
blog/cssbuy-balenciaga-track-2026-deep-dive-into-balenciagas-most-complex-sneaker.md,CSSBuy Balenciaga Track 2026: Deep Dive into Balenciaga''''s Most Complex Sneaker,brand,Balenciaga,https://repsootd.com/products/?q=Balenciaga,False
blog/cssbuy-bape-2026-the-ultimate-guide-to-a-bathing-apes-iconic-streetwear.md,CSSBuy BAPE 2026: The Ultimate Guide to A Bathing Ape''''s Iconic Streetwear,brand,BAPE,https://repsootd.com/products/?q=BAPE,False
blog/cssbuy-bargain-guide-2026-the-complete-blueprint-for-smart-shopping.md,CSSBuy Bargain Guide 2026: The Complete Blueprint for Smart Shopping,all-products,All Products,https://repsootd.com/products/,False
blog/cssbuy-basketball-gear-2026-complete-guide-to-verified-court-equipment.md,CSSBuy Basketball Gear 2026: Complete Guide to Verified Court Equipment,all-products,All Products,https://repsootd.com/products/,False
blog/cssbuy-basketball-shoes-2026-your-complete-guide-to-verified-kicks.md,CSSBuy Basketball Shoes 2026: Your Complete Guide to Verified Kicks,category,Shoes & Sneakers,https://repsootd.com/products/?q=Shoes+%26+Sneakers,False
blog/cssbuy-batch-comparison-2026-side-by-side-quality-analysis.md,CSSBuy Batch Comparison 2026: Side-by-Side Quality Analysis,all-products,All Products,https://repsootd.com/products/,False
blog/cssbuy-batch-guide-2026-understanding-product-batches-and-quality-tiers.md,CSSBuy Batch Guide 2026: Understanding Product Batches and Quality Tiers,all-products,All Products,https://repsootd.com/products/,False
blog/cssbuy-batch-quality-2026-data-driven-quality-assessment-guide.md,CSSBuy Batch Quality 2026: Data-Driven Quality Assessment Guide,all-products,All Products,https://repsootd.com/products/,False
blog/cssbuy-batch-tracker-2026-real-time-performance-monitoring-system.md,CSSBuy Batch Tracker 2026: Real-Time Performance Monitoring System,all-products,All Products,https://repsootd.com/products/,False
blog/cssbuy-batch-version-2026-complete-breakdown-of-manufacturing-tiers.md,CSSBuy Batch Version 2026: Complete Breakdown of Manufacturing Tiers,all-products,All Products,https://repsootd.com/products/,False
blog/cssbuy-beginner-guide-2026-your-first-steps-into-replica-shopping.md,CSSBuy Beginner Guide 2026: Your First Steps into Replica Shopping,all-products,All Products,https://repsootd.com/products/,False
blog/cssbuy-belt-2026-complete-guide-to-affordable-style-essentials.md,CSSBuy Belt 2026: Complete Guide to Affordable Style Essentials,brand,Essentials,https://repsootd.com/products/?q=Essentials,False
blog/cssbuy-best-2026-top-rated-products-and-premium-seller-rankings.md,CSSBuy Best 2026: Top-Rated Products & Premium Seller Rankings,all-products,All Products,https://repsootd.com/products/,False
blog/cssbuy-best-alternative-2026-finding-the-right-platform-for-you.md,CSSBuy Best Alternative 2026: Finding the Right Platform for You,all-products,All Products,https://repsootd.com/products/,False
blog/cssbuy-best-batch-2026-ultimate-guide-to-quality-bulk-purchasing.md,CSSBuy Best Batch 2026: Ultimate Guide to Quality Bulk Purchasing,all-products,All Products,https://repsootd.com/products/,False
blog/cssbuy-best-deals-2026-unbeatable-value-for-smart-shoppers.md,CSSBuy Best Deals 2026: Unbeatable Value for Smart Shoppers,all-products,All Products,https://repsootd.com/products/,False
blog/cssbuy-best-quality-2026-premium-grade-products-and-quality-verification.md,CSSBuy Best Quality 2026: Premium Grade Products & Quality Verification,all-products,All Products,https://repsootd.com/products/,False
blog/cssbuy-best-quality-2026-premium-standards-at-affordable-prices.md,CSSBuy Best Quality 2026: Premium Standards at Affordable Prices,all-products,All Products,https://repsootd.com/products/,False
blog/cssbuy-best-sellers-2026-top-products-across-all-categories.md,CSSBuy Best Sellers 2026: Top Products Across All Categories,all-products,All Products,https://repsootd.com/products/,False
blog/cssbuy-best-sellers-top-rated-products-and-verified-vendors.md,CSSBuy Best Sellers: Top-Rated Products and Verified Vendors,all-products,All Products,https://repsootd.com/products/,False
blog/cssbuy-best-value-2026-maximizing-quality-and-price-balance.md,CSSBuy Best Value 2026: Maximizing Quality and Price Balance,all-products,All Products,https://repsootd.com/products/,False
blog/cssbuy-big-size-2026-complete-plus-size-fashion-sourcing-guide.md,CSSBuy Big Size 2026: Complete Plus-Size Fashion Sourcing Guide,all-products,All Products,https://repsootd.com/products/,False
blog/cssbuy-big-size-shoes-2026-complete-guide-to-large-size-footwear.md,CSSBuy Big Size Shoes 2026: Complete Guide to Large Size Footwear,category,Shoes & Sneakers,https://repsootd.com/products/?q=Shoes+%26+Sneakers,False
blog/cssbuy-big-sizes-2026-complete-guide-to-extended-size-availability.md,CSSBuy Big Sizes 2026: Complete Guide to Extended Size Availability,all-products,All Products,https://repsootd.com/products/,False
blog/cssbuy-brazil-2026-complete-beginner-guide-to-buying-from-china.md,CSSBuy Brazil 2026: Complete Beginner Guide to Buying from China,all-products,All Products,https://repsootd.com/products/,True
blog/cssbuy-budget-accessories-2026-elevate-your-style-for-less.md,CSSBuy Budget Accessories 2026: Elevate Your Style for Less,all-products,All Products,https://repsootd.com/products/,False
blog/cssbuy-budget-bags-2026-smart-shopping-for-quality-accessories.md,CSSBuy Budget Bags 2026: Smart Shopping for Quality Accessories,all-products,All Products,https://repsootd.com/products/,False
blog/cssbuy-budget-batch-2026-smart-bulk-ordering-for-maximum-savings.md,CSSBuy Budget Batch 2026: Smart Bulk Ordering for Maximum Savings,all-products,All Products,https://repsootd.com/products/,False
blog/cssbuy-budget-clothes-2026-smart-fashion-for-every-wardrobe.md,CSSBuy Budget Clothes 2026: Smart Fashion for Every Wardrobe,all-products,All Products,https://repsootd.com/products/,False
blog/cssbuy-budget-guide-2026-your-complete-resource-for-affordable-shopping.md,CSSBuy Budget Guide 2026: Your Complete Resource for Affordable Shopping,all-products,All Products,https://repsootd.com/products/,False
blog/cssbuy-budget-hoodies-2026-premium-streetwear-under-35.md,CSSBuy Budget Hoodies 2026: Premium Streetwear Under $35,all-products,All Products,https://repsootd.com/products/,False
blog/cssbuy-budget-luxury-2026-accessing-premium-quality-at-accessible-prices.md,CSSBuy Budget Luxury 2026: Accessing Premium Quality at Accessible Prices,all-products,All Products,https://repsootd.com/products/,False
blog/cssbuy-budget-picks-2026-best-products-under-30.md,CSSBuy Budget Picks 2026: Best Products Under $30,all-products,All Products,https://repsootd.com/products/,False
blog/cssbuy-budget-shoes-2026-quality-footwear-at-smart-prices.md,CSSBuy Budget Shoes 2026: Quality Footwear at Smart Prices,category,Shoes & Sneakers,https://repsootd.com/products/?q=Shoes+%26+Sneakers,False
blog/cssbuy-budget-shopping-2026-the-ultimate-guide-to-affordable-fashion.md,CSSBuy Budget Shopping 2026: The Ultimate Guide to Affordable Fashion,all-products,All Products,https://repsootd.com/products/,False
blog/cssbuy-budget-sneakers-2026-smart-footwear-choices-for-savvy-buyers.md,CSSBuy Budget Sneakers 2026: Smart Footwear Choices for Savvy Buyers,category,Shoes & Sneakers,https://repsootd.com/products/?q=Shoes+%26+Sneakers,False
blog/cssbuy-budget-streetwear-2026-urban-fashion-for-smart-shoppers.md,CSSBuy Budget Streetwear 2026: Urban Fashion for Smart Shoppers,all-products,All Products,https://repsootd.com/products/,False
blog/cssbuy-budget-t-shirts-2026-premium-quality-at-unbeatable-prices.md,CSSBuy Budget T-Shirts 2026: Premium Quality at Unbeatable Prices,all-products,All Products,https://repsootd.com/products/,False
blog/cssbuy-bulk-buying-2026-maximizing-savings-through-volume-purchasing.md,CSSBuy Bulk Buying 2026: Maximizing Savings Through Volume Purchasing,all-products,All Products,https://repsootd.com/products/,False
blog/cssbuy-burberry-2026-complete-guide-to-british-luxury-heritage.md,CSSBuy Burberry 2026: Complete Guide to British Luxury Heritage,brand,Burberry,https://repsootd.com/products/?q=Burberry,False
blog/cssbuy-burberry-hoodie-2026-complete-guide-to-luxury-british-streetwear.md,CSSBuy Burberry Hoodie 2026: Complete Guide to Luxury British Streetwear,brand,Burberry,https://repsootd.com/products/?q=Burberry,False
blog/cssbuy-buy-for-me-vs-ship-for-me-brazil.md,CSSBuy Buy for Me vs Ship for Me: Which Service Fits Brazil?,all-products,All Products,https://repsootd.com/products/,True
blog/cssbuy-buyer-protection-2026-complete-guide-to-purchase-safety-and-security-guarantees.md,CSSBuy Buyer Protection 2026: Complete Guide to Purchase Safety & Security Guarantees,all-products,All Products,https://repsootd.com/products/,False
blog/cssbuy-buyer-tips-2026-pro-strategies-from-experienced-shoppers.md,CSSBuy Buyer Tips 2026: Pro Strategies from Experienced Shoppers,all-products,All Products,https://repsootd.com/products/,False
blog/cssbuy-c-p-company-2026-complete-guide-to-italian-technical-streetwear.md,CSSBuy C.P. Company 2026: Complete Guide to Italian Technical Streetwear,brand,C.P. Company,https://repsootd.com/products/?q=C.P.+Company,False
blog/cssbuy-canada-2026-your-complete-shopping-guide.md,CSSBuy Canada 2026: Your Complete Shopping Guide,all-products,All Products,https://repsootd.com/products/,False
blog/cssbuy-canada-goose-2026-complete-guide-to-luxury-outerwear.md,CSSBuy Canada Goose 2026: Complete Guide to Luxury Outerwear,brand,Canada Goose,https://repsootd.com/products/?q=Canada+Goose,False
blog/cssbuy-canada-guide-2026-fashion-discovery-for-canadian-users.md,CSSBuy Canada Guide 2026: Fashion Discovery for Canadian Users,all-products,All Products,https://repsootd.com/products/,False
blog/cssbuy-caps-2026-complete-guide-to-verified-baseball-caps-and-headwear.md,CSSBuy Caps 2026: Complete Guide to Verified Baseball Caps and Headwear,all-products,All Products,https://repsootd.com/products/,False
blog/cssbuy-carhartt-2026-complete-guide-to-american-workwear-streetwear.md,CSSBuy Carhartt 2026: Complete Guide to American Workwear Streetwear,all-products,All Products,https://repsootd.com/products/,False
blog/cssbuy-cartier-2026-premium-replica-jewelry-and-watches-with-verified-quality-data.md,CSSBuy Cartier 2026: Premium Replica Jewelry & Watches with Verified Quality Data,all-products,All Products,https://repsootd.com/products/,False
blog/cssbuy-casablanca-2026-the-complete-guide-to-parisian-luxury-streetwear.md,CSSBuy Casablanca 2026: The Complete Guide to Parisian Luxury Streetwear,brand,Casablanca,https://repsootd.com/products/?q=Casablanca,False
blog/cssbuy-casual-shoes-2026-everyday-comfort-meets-verified-quality.md,CSSBuy Casual Shoes 2026: Everyday Comfort Meets Verified Quality,category,Shoes & Sneakers,https://repsootd.com/products/?q=Shoes+%26+Sneakers,False
blog/cssbuy-cdg-2026-the-complete-guide-to-avant-garde-japanese-luxury.md,CSSBuy CDG 2026: The Complete Guide to Avant-Garde Japanese Luxury,all-products,All Products,https://repsootd.com/products/,False
blog/cssbuy-celine-2026-the-complete-guide-to-minimalist-parisian-luxury.md,CSSBuy Celine 2026: The Complete Guide to Minimalist Parisian Luxury,all-products,All Products,https://repsootd.com/products/,False
blog/cssbuy-chanel-2026-the-complete-guide-to-timeless-french-elegance.md,CSSBuy Chanel 2026: The Complete Guide to Timeless French Elegance,all-products,All Products,https://repsootd.com/products/,False
blog/cssbuy-cheap-accessories-2026-affordable-style-for-every-occasion.md,CSSBuy Cheap Accessories 2026: Affordable Style for Every Occasion,all-products,All Products,https://repsootd.com/products/,False
blog/cssbuy-cheap-bags-2026-affordable-style-without-compromise.md,CSSBuy Cheap Bags 2026: Affordable Style Without Compromise,all-products,All Products,https://repsootd.com/products/,False
blog/cssbuy-cheap-clothes-2026-trendy-fashion-at-unbeatable-prices.md,CSSBuy Cheap Clothes 2026: Trendy Fashion at Unbeatable Prices,all-products,All Products,https://repsootd.com/products/,False
blog/cssbuy-cheap-finds-2026-hidden-gems-and-budget-treasures.md,CSSBuy Cheap Finds 2026: Hidden Gems and Budget Treasures,all-products,All Products,https://repsootd.com/products/,False
blog/cssbuy-cheap-hoodies-2026-affordable-comfort-and-style.md,CSSBuy Cheap Hoodies 2026: Affordable Comfort and Style,all-products,All Products,https://repsootd.com/products/,False
blog/cssbuy-cheap-luxury-2026-premium-aesthetics-at-minimum-cost.md,CSSBuy Cheap Luxury 2026: Premium Aesthetics at Minimum Cost,all-products,All Products,https://repsootd.com/products/,False
blog/cssbuy-cheap-shoes-2026-step-up-your-style-on-a-budget.md,CSSBuy Cheap Shoes 2026: Step Up Your Style on a Budget,category,Shoes & Sneakers,https://repsootd.com/products/?q=Shoes+%26+Sneakers,False
blog/cssbuy-cheap-sneakers-2026-affordable-footwear-for-every-style.md,CSSBuy Cheap Sneakers 2026: Affordable Footwear for Every Style,category,Shoes & Sneakers,https://repsootd.com/products/?q=Shoes+%26+Sneakers,False
blog/cssbuy-cheap-streetwear-2026-urban-style-on-a-budget.md,CSSBuy Cheap Streetwear 2026: Urban Style on a Budget,all-products,All Products,https://repsootd.com/products/,False
blog/cssbuy-cheap-t-shirts-2026-streetwear-essentials-under-18.md,CSSBuy Cheap T-Shirts 2026: Streetwear Essentials Under $18,brand,Essentials,https://repsootd.com/products/?q=Essentials,False
blog/cssbuy-cheapest-products-2026-ultimate-budget-shopping-guide.md,CSSBuy Cheapest Products 2026: Ultimate Budget Shopping Guide,all-products,All Products,https://repsootd.com/products/,False
blog/cssbuy-chrome-hearts-2026-complete-guide-to-luxury-streetwear.md,CSSBuy Chrome Hearts 2026: Complete Guide to Luxury Streetwear,all-products,All Products,https://repsootd.com/products/,False
blog/cssbuy-cleats-2026-complete-guide-to-verified-sports-footwear.md,CSSBuy Cleats 2026: Complete Guide to Verified Sports Footwear,category,Shoes & Sneakers,https://repsootd.com/products/?q=Shoes+%26+Sneakers,False
blog/cssbuy-clothes-2026-complete-collection-of-verified-apparel.md,CSSBuy Clothes 2026: Complete Collection of Verified Apparel,all-products,All Products,https://repsootd.com/products/,False
blog/cssbuy-clothes-2026-latest-trends-and-new-arrivals.md,CSSBuy Clothes 2026: Latest Trends and New Arrivals,all-products,All Products,https://repsootd.com/products/,False
blog/cssbuy-clothing-2026-complete-clothing-sourcing-guide.md,CSSBuy Clothing 2026: Complete Clothing Sourcing Guide,all-products,All Products,https://repsootd.com/products/,False
blog/cssbuy-clothing-guide-2026-how-to-buy-apparel-with-confidence.md,CSSBuy Clothing Guide 2026: How to Buy Apparel with Confidence,all-products,All Products,https://repsootd.com/products/,False
blog/cssbuy-coach-2026-premium-leather-goods-at-unbeatable-prices.md,CSSBuy Coach 2026: Premium Leather Goods at Unbeatable Prices,all-products,All Products,https://repsootd.com/products/,False
blog/cssbuy-coach-bag-2026-the-ultimate-buyers-guide-to-affordable-luxury.md,CSSBuy Coach Bag 2026: The Ultimate Buyer''''s Guide to Affordable Luxury,category,Bags,https://repsootd.com/products/?q=Bags,False
blog/cssbuy-collectibles-2026-complete-guide-to-verified-collectible-items.md,CSSBuy Collectibles 2026: Complete Guide to Verified Collectible Items,all-products,All Products,https://repsootd.com/products/,False
blog/cssbuy-com-commercial-platform-for-verified-replica-data.md,CSSBuy Com: Commercial Platform for Verified Replica Data,all-products,All Products,https://repsootd.com/products/,False
blog/cssbuy-common-mistakes-2026-avoid-these-7-pitfalls-before-you-order.md,CSSBuy Common Mistakes 2026: Avoid These 7 Pitfalls Before You Order,all-products,All Products,https://repsootd.com/products/,False
blog/cssbuy-community-2026-building-trust-through-collective-shopping-intelligence.md,CSSBuy Community 2026: Building Trust Through Collective Shopping Intelligence,all-products,All Products,https://repsootd.com/products/,False
blog/cssbuy-community-guide-2026-complete-resource-for-buyer-collaboration-and-knowledge-sharing.md,CSSBuy Community Guide 2026: Complete Resource for Buyer Collaboration & Knowledge Sharing,all-products,All Products,https://repsootd.com/products/,False
blog/cssbuy-comparison-guide-2026-platform-vs-competitors-analysis.md,CSSBuy Comparison Guide 2026: Platform vs Competitors Analysis,all-products,All Products,https://repsootd.com/products/,False
blog/cssbuy-competitor-comparison-2026-market-leader-analysis.md,CSSBuy Competitor Comparison 2026: Market Leader Analysis,all-products,All Products,https://repsootd.com/products/,False
blog/cssbuy-complete-guide-2026-everything-you-need-to-know.md,CSSBuy Complete Guide 2026: Everything You Need to Know,all-products,All Products,https://repsootd.com/products/,False
blog/cssbuy-complete-platform-guide-2026-every-feature-explained.md,CSSBuy Complete Platform Guide 2026: Every Feature Explained,all-products,All Products,https://repsootd.com/products/,False
blog/cssbuy-consolidation-guide.md,CSSBuy: Consolidation Guide,all-products,All Products,https://repsootd.com/products/,False
blog/cssbuy-corteiz-2026-the-complete-guide-to-londons-most-exclusive-streetwear-brand.md,CSSBuy Corteiz 2026: The Complete Guide to London''''s Most Exclusive Streetwear Brand,brand,Corteiz,https://repsootd.com/products/?q=Corteiz,False
blog/cssbuy-cosmetics-2026-complete-guide-to-personal-care-and-beauty-products.md,CSSBuy Cosmetics 2026: Complete Guide to Personal Care & Beauty Products,all-products,All Products,https://repsootd.com/products/,False
blog/cssbuy-cost-effective-2026-smart-spending-for-maximum-quality-returns.md,CSSBuy Cost Effective 2026: Smart Spending for Maximum Quality Returns,all-products,All Products,https://repsootd.com/products/,False
blog/cssbuy-coupon-2026-complete-guide-to-discounts-and-deals.md,CSSBuy Coupon 2026: Complete Guide to Discounts & Deals,all-products,All Products,https://repsootd.com/products/,False
blog/cssbuy-coupon-code-2026-unlock-exclusive-savings-today.md,CSSBuy Coupon Code 2026: Unlock Exclusive Savings Today,all-products,All Products,https://repsootd.com/products/,False
blog/cssbuy-coupon-codes-promotions-verify-offers.md,CSSBuy Coupon Codes and Promotions: How to Verify Offers,all-products,All Products,https://repsootd.com/products/,True
blog/cssbuy-coupon-guide-2026-complete-resource-for-savings-opportunities.md,CSSBuy Coupon Guide 2026: Complete Resource for Savings Opportunities,all-products,All Products,https://repsootd.com/products/,False
blog/cssbuy-credit-card-safety-2026-complete-guide-to-secure-card-payments-and-fraud-protection.md,CSSBuy Credit Card Safety 2026: Complete Guide to Secure Card Payments & Fraud Protection,all-products,All Products,https://repsootd.com/products/,False
blog/cssbuy-crocs-2026-the-complete-guide-to-comfortable-casual-footwear.md,CSSBuy Crocs 2026: The Complete Guide to Comfortable Casual Footwear,category,Shoes & Sneakers,https://repsootd.com/products/?q=Shoes+%26+Sneakers,False
blog/cssbuy-crypto-payment-2026-complete-guide-to-cryptocurrency-transactions-and-blockchain-security.md,CSSBuy Crypto Payment 2026: Complete Guide to Cryptocurrency Transactions & Blockchain Security,all-products,All Products,https://repsootd.com/products/,False
blog/cssbuy-customer-reviews-2026-verified-feedback-from-real-shopping-experiences.md,CSSBuy Customer Reviews 2026: Verified Feedback from Real Shopping Experiences,all-products,All Products,https://repsootd.com/products/,False
blog/cssbuy-customs-tax-declaration-brazil-guide.md,"CSSBuy Customs, Tax and Declaration in Brazil: What to Prepare",all-products,All Products,https://repsootd.com/products/,True
blog/cssbuy-daily-wear-shoes-2026-comfort-first-footwear-for-every-day.md,CSSBuy Daily Wear Shoes 2026: Comfort-First Footwear for Every Day,category,Shoes & Sneakers,https://repsootd.com/products/?q=Shoes+%26+Sneakers,False
blog/cssbuy-dashboard-guide.md,CSSBuy: Dashboard Guide,all-products,All Products,https://repsootd.com/products/,False
blog/cssbuy-data-security-2026-complete-guide-to-information-protection-and-cybersecurity-measures.md,CSSBuy Data Security 2026: Complete Guide to Information Protection & Cybersecurity Measures,all-products,All Products,https://repsootd.com/products/,False
blog/cssbuy-dc-shoes-2026-skate-culture-footwear-at-unbeatable-prices.md,CSSBuy DC Shoes 2026: Skate Culture Footwear at Unbeatable Prices,category,Shoes & Sneakers,https://repsootd.com/products/?q=Shoes+%26+Sneakers,False
blog/cssbuy-deal-hunter-2026-systematic-approaches-to-finding-the-best-deals.md,CSSBuy Deal Hunter 2026: Systematic Approaches to Finding the Best Deals,all-products,All Products,https://repsootd.com/products/,False
blog/cssbuy-delivery-guide.md,CSSBuy: Delivery Guide,all-products,All Products,https://repsootd.com/products/,False
blog/cssbuy-delivery-times-brazil-warehouse-to-doorstep-guide.md,CSSBuy Delivery Times to Brazil: Warehouse to Doorstep Guide,all-products,All Products,https://repsootd.com/products/,True
blog/cssbuy-denim-tears-2026-the-complete-guide-to-cultural-streetwear-art.md,CSSBuy Denim Tears 2026: The Complete Guide to Cultural Streetwear Art,all-products,All Products,https://repsootd.com/products/,False
blog/cssbuy-diesel-2026-complete-guide-to-italian-denim-and-streetwear.md,CSSBuy Diesel 2026: Complete Guide to Italian Denim and Streetwear,all-products,All Products,https://repsootd.com/products/,False
blog/cssbuy-dior-2026-the-complete-guide-to-parisian-haute-couture.md,CSSBuy Dior 2026: The Complete Guide to Parisian Haute Couture,brand,Dior,https://repsootd.com/products/?q=Dior,False
blog/cssbuy-dior-b30-2026-the-ultimate-guide-to-diors-most-popular-sneaker.md,CSSBuy Dior B30 2026: The Ultimate Guide to Dior''''s Most Popular Sneaker,brand,Dior,https://repsootd.com/products/?q=Dior,False
blog/cssbuy-discord-2026-building-community-through-data-driven-shopping.md,CSSBuy Discord 2026: Building Community Through Data-Driven Shopping,all-products,All Products,https://repsootd.com/products/,False
blog/cssbuy-discord-2026-complete-guide-to-community-shopping-and-support.md,CSSBuy Discord 2026: Complete Guide to Community Shopping and Support,all-products,All Products,https://repsootd.com/products/,False
blog/cssbuy-discord-community-2026-building-connections-for-smart-shopping.md,CSSBuy Discord Community 2026: Building Connections for Smart Shopping,all-products,All Products,https://repsootd.com/products/,False
blog/cssbuy-discount-guide-2026-maximize-your-savings-strategy.md,CSSBuy Discount Guide 2026: Maximize Your Savings Strategy,all-products,All Products,https://repsootd.com/products/,False
blog/cssbuy-discount-strategy-brazil-total-cost.md,CSSBuy Discount Strategy: How Brazilian Shoppers Compare Total Cost,all-products,All Products,https://repsootd.com/products/,True
blog/cssbuy-docs-complete-documentation-and-user-guide.md,CSSBuy Docs: Complete Documentation and User Guide,all-products,All Products,https://repsootd.com/products/,False
blog/cssbuy-download-complete-guide-to-accessing-verified-seller-data.md,CSSBuy Download: Complete Guide to Accessing Verified Seller Data,all-products,All Products,https://repsootd.com/products/,False
blog/cssbuy-dress-2026-complete-guide-to-womens-fashion-collection.md,CSSBuy Dress 2026: Complete Guide to Women''''s Fashion Collection,all-products,All Products,https://repsootd.com/products/,False
blog/cssbuy-dyson-2026-premium-electronics-and-lifestyle-products-guide.md,CSSBuy Dyson 2026: Premium Electronics and Lifestyle Products Guide,category,Electronics,https://repsootd.com/products/?q=Electronics,False
blog/cssbuy-ea7-2026-complete-guide-to-italian-luxury-sportswear.md,CSSBuy EA7 2026: Complete Guide to Italian Luxury Sportswear,all-products,All Products,https://repsootd.com/products/,False
blog/cssbuy-earrings-2026-affordable-style-meets-verified-quality-in-every-pair.md,CSSBuy Earrings 2026: Affordable Style Meets Verified Quality in Every Pair,all-products,All Products,https://repsootd.com/products/,False
blog/cssbuy-economy-shipping-2026-budget-friendly-delivery-options-explained.md,CSSBuy Economy Shipping 2026: Budget-Friendly Delivery Options Explained,all-products,All Products,https://repsootd.com/products/,False
blog/cssbuy-ed-hardy-2026-complete-guide-to-tattoo-inspired-streetwear.md,CSSBuy Ed Hardy 2026: Complete Guide to Tattoo-Inspired Streetwear,all-products,All Products,https://repsootd.com/products/,False
blog/cssbuy-electronics-2026-complete-electronics-sourcing-guide.md,CSSBuy Electronics 2026: Complete Electronics Sourcing Guide,category,Electronics,https://repsootd.com/products/?q=Electronics,False
blog/cssbuy-electronics-2026-complete-guide-to-verified-tech-products.md,CSSBuy Electronics 2026: Complete Guide to Verified Tech Products,category,Electronics,https://repsootd.com/products/?q=Electronics,False
blog/cssbuy-electronics-guide-2026-complete-guide-to-buying-tech-on-cssbuy.md,CSSBuy Electronics Guide 2026: Complete Guide to Buying Tech on CSSBuy,category,Electronics,https://repsootd.com/products/?q=Electronics,False
blog/cssbuy-ems-shipping-2026-complete-guide-to-express-mail-service-delivery.md,CSSBuy EMS Shipping 2026: Complete Guide to Express Mail Service Delivery,all-products,All Products,https://repsootd.com/products/,False
blog/cssbuy-eric-emanuel-2026-complete-guide-to-luxury-athletic-streetwear.md,CSSBuy Eric Emanuel 2026: Complete Guide to Luxury Athletic Streetwear,all-products,All Products,https://repsootd.com/products/,False
blog/cssbuy-essential-guide-2026-everything-you-need-to-know-before-your-first-order.md,CSSBuy Essential Guide 2026: Everything You Need to Know Before Your First Order,all-products,All Products,https://repsootd.com/products/,False
blog/cssbuy-essentials-2026-complete-guide-to-fear-of-god-essentials.md,CSSBuy Essentials 2026: Complete Guide to Fear of God Essentials,brand,Essentials,https://repsootd.com/products/?q=Essentials,False
blog/cssbuy-essentials-hoodie-2026-the-complete-guide-to-minimalist-streetwear.md,CSSBuy Essentials Hoodie 2026: The Complete Guide to Minimalist Streetwear,brand,Essentials,https://repsootd.com/products/?q=Essentials,False
blog/cssbuy-essentials-t-shirt-2026-the-complete-guide-to-premium-minimalist-basics.md,CSSBuy Essentials T-shirt 2026: The Complete Guide to Premium Minimalist Basics,brand,Essentials,https://repsootd.com/products/?q=Essentials,False
blog/cssbuy-eu-shipping-2026-complete-guide-to-european-union-delivery.md,CSSBuy EU Shipping 2026: Complete Guide to European Union Delivery,all-products,All Products,https://repsootd.com/products/,False
blog/cssbuy-euro-shipping-2026-complete-guide-to-european-delivery.md,CSSBuy Euro Shipping 2026: Complete Guide to European Delivery,all-products,All Products,https://repsootd.com/products/,False
blog/cssbuy-europe-2026-complete-shopping-guide-for-european-buyers.md,CSSBuy Europe 2026: Complete Shopping Guide for European Buyers,all-products,All Products,https://repsootd.com/products/,False
blog/cssbuy-everything-you-need-to-know-2026-the-ultimate-faq.md,CSSBuy Everything You Need to Know 2026: The Ultimate FAQ,all-products,All Products,https://repsootd.com/products/,False
blog/cssbuy-exchange-guide-2026-complete-resource-for-product-exchanges-and-size-swaps.md,CSSBuy Exchange Guide 2026: Complete Resource for Product Exchanges & Size Swaps,all-products,All Products,https://repsootd.com/products/,False
blog/cssbuy-exchange-rates-currency-total-cost-brazil.md,"CSSBuy Exchange Rates, Currency and Total Cost for Brazil",all-products,All Products,https://repsootd.com/products/,True
blog/cssbuy-express-shipping-2026-dhl-fedex-ups-and-premium-delivery-options.md,"CSSBuy Express Shipping 2026: DHL, FedEx, UPS and Premium Delivery Options",all-products,All Products,https://repsootd.com/products/,False
blog/cssbuy-fake-check-2026-how-to-verify-authenticity-and-avoid-counterfeit-concerns.md,CSSBuy Fake Check 2026: How to Verify Authenticity and Avoid Counterfeit Concerns,all-products,All Products,https://repsootd.com/products/,False
blog/cssbuy-fall-clothes-2026-complete-guide-to-autumn-wardrobe-essentials.md,CSSBuy Fall Clothes 2026: Complete Guide to Autumn Wardrobe Essentials,brand,Essentials,https://repsootd.com/products/?q=Essentials,False
blog/cssbuy-fashion-2026-complete-fashion-sourcing-guide.md,CSSBuy Fashion 2026: Complete Fashion Sourcing Guide,all-products,All Products,https://repsootd.com/products/,False
blog/cssbuy-fashion-clothes-2026-style-forward-verified-apparel.md,CSSBuy Fashion Clothes 2026: Style-Forward Verified Apparel,all-products,All Products,https://repsootd.com/products/,False
blog/cssbuy-fashion-sneakers-2026-style-forward-footwear-with-verified-quality.md,CSSBuy Fashion Sneakers 2026: Style-Forward Footwear with Verified Quality,category,Shoes & Sneakers,https://repsootd.com/products/?q=Shoes+%26+Sneakers,False
blog/cssbuy-female-comprehensive-fashion-and-lifestyle-products-for-women.md,CSSBuy Female: Comprehensive Fashion and Lifestyle Products for Women,all-products,All Products,https://repsootd.com/products/,False
blog/cssbuy-fendi-2026-the-complete-guide-to-playful-italian-luxury.md,CSSBuy Fendi 2026: The Complete Guide to Playful Italian Luxury,all-products,All Products,https://repsootd.com/products/,False
blog/cssbuy-findindex-complete-product-and-seller-search-guide.md,CSSBuy FindIndex: Complete Product and Seller Search Guide,all-products,All Products,https://repsootd.com/products/,False
blog/cssbuy-first-order.md,CSSBuy: First Order,all-products,All Products,https://repsootd.com/products/,False
blog/cssbuy-first-purchase-tips-2026-essential-guide-for-new-buyers.md,CSSBuy First Purchase Tips 2026: Essential Guide for New Buyers,all-products,All Products,https://repsootd.com/products/,False
blog/cssbuy-fishing-gear-2026-complete-guide-to-verified-outdoor-equipment.md,CSSBuy Fishing Gear 2026: Complete Guide to Verified Outdoor Equipment,all-products,All Products,https://repsootd.com/products/,False
blog/cssbuy-football-boots-2026-complete-guide-to-verified-pitch-footwear.md,CSSBuy Football Boots 2026: Complete Guide to Verified Pitch Footwear,category,Shoes & Sneakers,https://repsootd.com/products/?q=Shoes+%26+Sneakers,False
blog/cssbuy-football-jersey-2026-complete-guide-to-authentic-team-kits.md,CSSBuy Football Jersey 2026: Complete Guide to Authentic Team Kits,category,Jerseys,https://repsootd.com/products/?q=Jerseys,False
blog/cssbuy-football-kits-2026-complete-match-day-sets-guide.md,CSSBuy Football Kits 2026: Complete Match-Day Sets Guide,all-products,All Products,https://repsootd.com/products/,False
blog/cssbuy-football-shoes-2026-your-complete-guide-to-verified-pitch-performance.md,CSSBuy Football Shoes 2026: Your Complete Guide to Verified Pitch Performance,category,Shoes & Sneakers,https://repsootd.com/products/?q=Shoes+%26+Sneakers,False
blog/cssbuy-football-t-shirt-2026-casual-football-fashion-guide.md,CSSBuy Football T-Shirt 2026: Casual Football Fashion Guide,category,T-Shirts,https://repsootd.com/products/?q=T-Shirts,False
blog/cssbuy-footwear-2026-complete-category-guide-for-all-shoe-types.md,CSSBuy Footwear 2026: Complete Category Guide for All Shoe Types,category,Shoes & Sneakers,https://repsootd.com/products/?q=Shoes+%26+Sneakers,False
blog/cssbuy-for-beginners-2026-step-by-step-getting-started-tutorial.md,CSSBuy for Beginners 2026: Step-by-Step Getting Started Tutorial,all-products,All Products,https://repsootd.com/products/,False
blog/cssbuy-for-girls-trendy-and-quality-fashion-for-young-women.md,CSSBuy For Girls: Trendy and Quality Fashion for Young Women,all-products,All Products,https://repsootd.com/products/,False
blog/cssbuy-for-kids-safe-and-quality-products-for-children.md,CSSBuy For Kids: Safe and Quality Products for Children,all-products,All Products,https://repsootd.com/products/,False
blog/cssbuy-for-resellers-2026-complete-profit-and-sourcing-guide.md,CSSBuy for Resellers 2026: Complete Profit & Sourcing Guide,all-products,All Products,https://repsootd.com/products/,False
blog/cssbuy-formula-advanced-calculations-for-smarter-shopping.md,CSSBuy Formula: Advanced Calculations for Smarter Shopping,all-products,All Products,https://repsootd.com/products/,False
blog/cssbuy-fragrance-2026-complete-guide-to-perfume-and-scent-collection.md,CSSBuy Fragrance 2026: Complete Guide to Perfume & Scent Collection,category,Fragrances,https://repsootd.com/products/?q=Fragrances,False
blog/cssbuy-free-access-comprehensive-product-data-at-no-cost.md,CSSBuy Free: Access Comprehensive Product Data at No Cost,all-products,All Products,https://repsootd.com/products/,False
blog/cssbuy-free-guide-2026-complete-resource-for-international-shopping.md,CSSBuy Free Guide 2026: Complete Resource for International Shopping,all-products,All Products,https://repsootd.com/products/,False
blog/cssbuy-free-shipping-2026-save-on-delivery-costs.md,CSSBuy Free Shipping 2026: Save on Delivery Costs,all-products,All Products,https://repsootd.com/products/,False
blog/cssbuy-g-shock-2026-the-ultimate-guide-to-durable-digital-timepieces.md,CSSBuy G-Shock 2026: The Ultimate Guide to Durable Digital Timepieces,all-products,All Products,https://repsootd.com/products/,False
blog/cssbuy-gallery-dept-2026-the-complete-guide-to-las-distressed-streetwear-art.md,CSSBuy Gallery Dept 2026: The Complete Guide to LA''''s Distressed Streetwear Art,brand,Gallery Dept,https://repsootd.com/products/?q=Gallery+Dept,False
blog/cssbuy-getting-started.md,CSSBuy: Getting Started,all-products,All Products,https://repsootd.com/products/,False
blog/cssbuy-girls-clothes-2026-complete-guide-to-verified-girls-fashion.md,CSSBuy Girls Clothes 2026: Complete Guide to Verified Girls'''' Fashion,all-products,All Products,https://repsootd.com/products/,False
blog/cssbuy-givenchy-2026-the-complete-guide-to-dark-parisian-luxury.md,CSSBuy Givenchy 2026: The Complete Guide to Dark Parisian Luxury,all-products,All Products,https://repsootd.com/products/,False
blog/cssbuy-glasses-2026-complete-guide-to-eyewear-and-optical-styles.md,CSSBuy Glasses 2026: Complete Guide to Eyewear & Optical Styles,category,Eyewear,https://repsootd.com/products/?q=Eyewear,False
blog/cssbuy-global-shipping-2026-your-complete-international-delivery-solution.md,CSSBuy Global Shipping 2026: Your Complete International Delivery Solution,all-products,All Products,https://repsootd.com/products/,False
blog/cssbuy-gloves-2026-your-complete-guide-to-quality-handwear-at-unbeatable-prices.md,CSSBuy Gloves 2026: Your Complete Guide to Quality Handwear at Unbeatable Prices,all-products,All Products,https://repsootd.com/products/,False
blog/cssbuy-golden-goose-2026-complete-guide-to-luxury-distressed-sneakers.md,CSSBuy Golden Goose 2026: Complete Guide to Luxury Distressed Sneakers,category,Shoes & Sneakers,https://repsootd.com/products/?q=Shoes+%26+Sneakers,False
blog/cssbuy-golf-gear-2026-complete-guide-to-course-equipment-and-apparel.md,CSSBuy Golf Gear 2026: Complete Guide to Course Equipment and Apparel,all-products,All Products,https://repsootd.com/products/,False
blog/cssbuy-golf-shoes-2026-premium-footwear-for-the-course.md,CSSBuy Golf Shoes 2026: Premium Footwear for the Course,category,Shoes & Sneakers,https://repsootd.com/products/?q=Shoes+%26+Sneakers,False
blog/cssbuy-good-quality-2026-reliable-standards-for-smart-buyers.md,CSSBuy Good Quality 2026: Reliable Standards for Smart Buyers,all-products,All Products,https://repsootd.com/products/,False
blog/cssbuy-google-complete-guide-to-product-catalog-integration.md,CSSBuy Google: Complete Guide to product catalog Integration,all-products,All Products,https://repsootd.com/products/,False
blog/cssbuy-gucci-2026-the-complete-guide-to-italian-luxury-fashion.md,CSSBuy Gucci 2026: The Complete Guide to Italian Luxury Fashion,brand,Gucci,https://repsootd.com/products/?q=Gucci,False
blog/cssbuy-gym-clothes-2026-complete-guide-to-verified-workout-apparel.md,CSSBuy Gym Clothes 2026: Complete Guide to Verified Workout Apparel,all-products,All Products,https://repsootd.com/products/,False
blog/cssbuy-gym-gear-2026-complete-guide-to-fitness-equipment-and-apparel.md,CSSBuy Gym Gear 2026: Complete Guide to Fitness Equipment and Apparel,all-products,All Products,https://repsootd.com/products/,False
blog/cssbuy-gymshark-2026-complete-guide-to-performance-fitness-apparel.md,CSSBuy Gymshark 2026: Complete Guide to Performance Fitness Apparel,all-products,All Products,https://repsootd.com/products/,False
blog/cssbuy-handbag-2026-complete-collection-guide-for-verified-womens-bags.md,CSSBuy Handbag 2026: Complete Collection Guide for Verified Women''''s Bags,category,Bags,https://repsootd.com/products/?q=Bags,False
blog/cssbuy-hats-2026-complete-guide-to-verified-headwear-collection.md,CSSBuy Hats 2026: Complete Guide to Verified Headwear Collection,all-products,All Products,https://repsootd.com/products/,False
blog/cssbuy-hats-guide-2026-complete-buyers-handbook-for-headwear.md,CSSBuy Hats Guide 2026: Complete Buyer''''s Handbook for Headwear,all-products,All Products,https://repsootd.com/products/,False
blog/cssbuy-headwear-2026-complete-guide-to-all-hat-and-cap-options.md,CSSBuy Headwear 2026: Complete Guide to All Hat and Cap Options,category,Hats & Scarves,https://repsootd.com/products/?q=Hats+%26+Scarves,False
blog/cssbuy-heels-2026-premium-womens-dress-shoes-collection.md,CSSBuy Heels 2026: Premium Women''''s Dress Shoes Collection,category,Shoes & Sneakers,https://repsootd.com/products/?q=Shoes+%26+Sneakers,False
blog/cssbuy-hellstar-2026-the-complete-guide-to-dark-streetwear-aesthetic.md,CSSBuy Hellstar 2026: The Complete Guide to Dark Streetwear Aesthetic,brand,Hellstar,https://repsootd.com/products/?q=Hellstar,False
blog/cssbuy-hermes-2026-the-complete-guide-to-ultimate-french-luxury-craftsmanship.md,CSSBuy Hermes 2026: The Complete Guide to Ultimate French Luxury Craftsmanship,all-products,All Products,https://repsootd.com/products/,False
blog/cssbuy-high-quality-2026-elevated-standards-for-discerning-buyers.md,CSSBuy High Quality 2026: Elevated Standards for Discerning Buyers,all-products,All Products,https://repsootd.com/products/,False
blog/cssbuy-hiking-gear-2026-complete-guide-to-outdoor-adventure-equipment.md,CSSBuy Hiking Gear 2026: Complete Guide to Outdoor Adventure Equipment,all-products,All Products,https://repsootd.com/products/,False
blog/cssbuy-hiking-shoes-2026-complete-guide-to-outdoor-footwear.md,CSSBuy Hiking Shoes 2026: Complete Guide to Outdoor Footwear,category,Shoes & Sneakers,https://repsootd.com/products/?q=Shoes+%26+Sneakers,False
blog/cssbuy-holiday-deals-2026-celebrate-with-unbeatable-savings.md,CSSBuy Holiday Deals 2026: Celebrate with Unbeatable Savings,all-products,All Products,https://repsootd.com/products/,False
blog/cssbuy-hoodie-2026-verified-streetwear-and-designer-hoodie-collection.md,CSSBuy Hoodie 2026: Verified Streetwear & Designer Hoodie Collection,category,Hoodies & Sweatshirts,https://repsootd.com/products/?q=Hoodies+%26+Sweatshirts,False
blog/cssbuy-hoodie-guide-2026-complete-buying-guide-for-streetwear-hoodies.md,CSSBuy Hoodie Guide 2026: Complete Buying Guide for Streetwear Hoodies,category,Hoodies & Sweatshirts,https://repsootd.com/products/?q=Hoodies+%26+Sweatshirts,False
blog/cssbuy-hoodies-2026-complete-hoodie-sourcing-guide.md,CSSBuy Hoodies 2026: Complete Hoodie Sourcing Guide,category,Hoodies & Sweatshirts,https://repsootd.com/products/?q=Hoodies+%26+Sweatshirts,False
blog/cssbuy-hoodies-2026-ultimate-guide-to-premium-streetwear.md,CSSBuy Hoodies 2026: Ultimate Guide to Premium Streetwear,all-products,All Products,https://repsootd.com/products/,False
blog/cssbuy-hot-wheels-2026-complete-guide-to-die-cast-cars-and-collectible-vehicles.md,CSSBuy Hot Wheels 2026: Complete Guide to Die-Cast Cars and Collectible Vehicles,category,Electronics,https://repsootd.com/products/?q=Electronics,False
blog/cssbuy-how-to-buy.md,CSSBuy: How To Buy,all-products,All Products,https://repsootd.com/products/,False
blog/cssbuy-how-to-order-guide.md,cssbuy How to Order Guide,all-products,All Products,https://repsootd.com/products/,False
blog/cssbuy-how-to-use-2026-complete-step-by-step-platform-guide.md,CSSBuy How to Use 2026: Complete Step-by-Step Platform Guide,all-products,All Products,https://repsootd.com/products/,False
blog/cssbuy-how-to-use-2026-updated-guide-with-latest-features.md,CSSBuy How to Use 2026: Updated Guide with Latest Features,all-products,All Products,https://repsootd.com/products/,False
blog/cssbuy-hub-central-resource-for-replica-market-research.md,CSSBuy Hub: Central Resource for Replica Market Research,all-products,All Products,https://repsootd.com/products/,False
blog/cssbuy-instagram-2026-visual-guide-to-products-and-community.md,CSSBuy Instagram 2026: Visual Guide to Products and Community,all-products,All Products,https://repsootd.com/products/,False
blog/cssbuy-insurance-risk-management-brazil-orders.md,CSSBuy Insurance and Risk Management for Brazilian Orders,all-products,All Products,https://repsootd.com/products/,True
blog/cssbuy-internal-linking-rules.md,CSSBuy Internal Linking Rules,all-products,All Products,https://repsootd.com/products/,False
blog/cssbuy-international-2026-complete-global-shopping-guide.md,CSSBuy International 2026: Complete Global Shopping Guide,all-products,All Products,https://repsootd.com/products/,False
blog/cssbuy-international-shipping-2026-complete-guide-to-global-delivery-options.md,CSSBuy International Shipping 2026: Complete Guide to Global Delivery Options,all-products,All Products,https://repsootd.com/products/,False
blog/cssbuy-ipad-2026-complete-guide-to-verified-tablet-accessories-and-electronics.md,CSSBuy iPad 2026: Complete Guide to Verified Tablet Accessories and Electronics,category,Electronics,https://repsootd.com/products/?q=Electronics,False
blog/cssbuy-iphone-2026-complete-guide-to-verified-iphone-products-and-accessories.md,CSSBuy iPhone 2026: Complete Guide to Verified iPhone Products and Accessories,category,Electronics,https://repsootd.com/products/?q=Electronics,False
blog/cssbuy-iphone-case-2026-complete-guide-to-verified-phone-protection.md,CSSBuy iPhone Case 2026: Complete Guide to Verified Phone Protection,category,Electronics,https://repsootd.com/products/?q=Electronics,False
blog/cssbuy-is-cssbuy-legit-2026-complete-legitimacy-analysis-for-smart-buyers.md,CSSBuy Is CSSBuy Legit 2026: Complete Legitimacy Analysis for Smart Buyers,all-products,All Products,https://repsootd.com/products/,False
blog/cssbuy-isabel-marant-2026-complete-guide-to-parisian-bohemian-streetwear.md,CSSBuy Isabel Marant 2026: Complete Guide to Parisian Bohemian Streetwear,all-products,All Products,https://repsootd.com/products/,False
blog/cssbuy-jacket-2026-complete-guide-to-outerwear-and-layering-pieces.md,CSSBuy Jacket 2026: Complete Guide to Outerwear and Layering Pieces,category,Outerwear,https://repsootd.com/products/?q=Outerwear,False
blog/cssbuy-jacket-guide-2026-your-data-driven-playbook-for-scoring-premium-outerwear-at-warehouse-prices.md,CSSBuy Jacket Guide 2026: Your Data-Driven Playbook for Scoring Premium Outerwear at Warehouse Prices,category,Outerwear,https://repsootd.com/products/?q=Outerwear,False
blog/cssbuy-jackets-2026-premium-outerwear-collection.md,CSSBuy Jackets 2026: Premium Outerwear Collection,category,Outerwear,https://repsootd.com/products/?q=Outerwear,False
blog/cssbuy-jbl-2026-complete-guide-to-audio-and-speaker-products.md,CSSBuy JBL 2026: Complete Guide to Audio and Speaker Products,all-products,All Products,https://repsootd.com/products/,False
blog/cssbuy-jbl-speaker-2026-premium-audio-at-unbeatable-prices.md,CSSBuy JBL Speaker 2026: Premium Audio at Unbeatable Prices,all-products,All Products,https://repsootd.com/products/,False
blog/cssbuy-jeans-2026-complete-guide-to-denim-and-work-pants.md,CSSBuy Jeans 2026: Complete Guide to Denim & Work Pants,category,Pants,https://repsootd.com/products/?q=Pants,False
blog/cssbuy-jeans-guide-2026-complete-buying-guide-for-verified-denim.md,CSSBuy Jeans Guide 2026: Complete Buying Guide for Verified Denim,category,Pants,https://repsootd.com/products/?q=Pants,False
blog/cssbuy-jeremy-scott-2026-complete-guide-to-playful-luxury-fashion.md,CSSBuy Jeremy Scott 2026: Complete Guide to Playful Luxury Fashion,all-products,All Products,https://repsootd.com/products/,False
blog/cssbuy-jewelry-2026-affordable-luxury-that-delivers-quality-and-style.md,CSSBuy Jewelry 2026: Affordable Luxury That Delivers Quality and Style,all-products,All Products,https://repsootd.com/products/,False
blog/cssbuy-jordan-1-2026-the-ultimate-guide-to-basketballs-most-iconic-sneaker.md,CSSBuy Jordan 1 2026: The Ultimate Guide to Basketball''''s Most Iconic Sneaker,category,Shoes & Sneakers,https://repsootd.com/products/?q=Shoes+%26+Sneakers,False
blog/cssbuy-jordan-11-2026-complete-guide-to-the-iconic-basketball-sneaker-collection.md,CSSBuy Jordan 11 2026: Complete Guide to the Iconic Basketball Sneaker Collection,category,Shoes & Sneakers,https://repsootd.com/products/?q=Shoes+%26+Sneakers,False
blog/cssbuy-jordan-2026-complete-guide-to-air-jordan-sneakers.md,CSSBuy Jordan 2026: Complete Guide to Air Jordan Sneakers,brand,Air Jordan,https://repsootd.com/products/?q=Air+Jordan,False
blog/cssbuy-jordan-2026-complete-jordan-product-sourcing-guide.md,CSSBuy Jordan 2026: Complete Jordan Product Sourcing Guide,all-products,All Products,https://repsootd.com/products/,False
blog/cssbuy-jordan-3-2026-complete-buyers-guide-to-the-elephant-print-legend.md,CSSBuy Jordan 3 2026: Complete Buyer''''s Guide to the Elephant Print Legend,all-products,All Products,https://repsootd.com/products/,False
blog/cssbuy-jordan-4-2026-complete-guide-to-buying-jordan-4-sneakers-on-cssbuy.md,CSSBuy Jordan 4 2026: Complete Guide to Buying Jordan 4 Sneakers on CSSBuy,category,Shoes & Sneakers,https://repsootd.com/products/?q=Shoes+%26+Sneakers,False
blog/cssbuy-jordan-5-2026-the-ultimate-buyers-guide-to-jordan-5-sneakers.md,CSSBuy Jordan 5 2026: The Ultimate Buyer''''s Guide to Jordan 5 Sneakers,category,Shoes & Sneakers,https://repsootd.com/products/?q=Shoes+%26+Sneakers,False
blog/cssbuy-jordan-guide-2026-complete-resource-for-air-jordan-products.md,CSSBuy Jordan Guide 2026: Complete Resource for Air Jordan Products,brand,Air Jordan,https://repsootd.com/products/?q=Air+Jordan,False
blog/cssbuy-jordan-shorts-2026-complete-guide-to-basketball-inspired-streetwear.md,CSSBuy Jordan Shorts 2026: Complete Guide to Basketball-Inspired Streetwear,category,Shorts,https://repsootd.com/products/?q=Shorts,False
blog/cssbuy-jorts-2026-the-complete-guide-to-jean-shorts.md,CSSBuy Jorts 2026: The Complete Guide to Jean Shorts,category,Shorts,https://repsootd.com/products/?q=Shorts,False
blog/cssbuy-juicy-couture-2026-complete-guide-to-y2k-luxury-tracksuits.md,CSSBuy Juicy Couture 2026: Complete Guide to Y2K Luxury Tracksuits,all-products,All Products,https://repsootd.com/products/,False
blog/cssbuy-junior-2026-complete-junior-fashion-sourcing-guide.md,CSSBuy Junior 2026: Complete Junior Fashion Sourcing Guide,all-products,All Products,https://repsootd.com/products/,False
blog/cssbuy-junior-clothing-2026-complete-junior-apparel-sourcing-guide.md,CSSBuy Junior Clothing 2026: Complete Junior Apparel Sourcing Guide,all-products,All Products,https://repsootd.com/products/,False
blog/cssbuy-junior-fashion-2026-trend-driven-sourcing-guide.md,CSSBuy Junior Fashion 2026: Trend-Driven Sourcing Guide,all-products,All Products,https://repsootd.com/products/,False
blog/cssbuy-junior-shoes-2026-complete-guide-to-youth-footwear-collection.md,CSSBuy Junior Shoes 2026: Complete Guide to Youth Footwear Collection,category,Shoes & Sneakers,https://repsootd.com/products/?q=Shoes+%26+Sneakers,False
blog/cssbuy-junior-shoes-2026-complete-junior-footwear-sourcing-guide.md,CSSBuy Junior Shoes 2026: Complete Junior Footwear Sourcing Guide,category,Shoes & Sneakers,https://repsootd.com/products/?q=Shoes+%26+Sneakers,False
blog/cssbuy-junior-sizes-2026-complete-guide-to-junior-and-teen-sizing.md,CSSBuy Junior Sizes 2026: Complete Guide to Junior and Teen Sizing,all-products,All Products,https://repsootd.com/products/,False
blog/cssbuy-kenzo-2026-the-complete-guide-to-playful-parisian-luxury.md,CSSBuy Kenzo 2026: The Complete Guide to Playful Parisian Luxury,all-products,All Products,https://repsootd.com/products/,False
blog/cssbuy-kids-2026-complete-kids-fashion-sourcing-guide.md,CSSBuy Kids 2026: Complete Kids'''' Fashion Sourcing Guide,all-products,All Products,https://repsootd.com/products/,False
blog/cssbuy-kids-clothes-2026-complete-guide-to-verified-childrens-fashion.md,CSSBuy Kids Clothes 2026: Complete Guide to Verified Children''''s Fashion,all-products,All Products,https://repsootd.com/products/,False
blog/cssbuy-kids-clothing-2026-complete-childrens-apparel-sourcing-guide.md,CSSBuy Kids Clothing 2026: Complete Children''''s Apparel Sourcing Guide,all-products,All Products,https://repsootd.com/products/,False
blog/cssbuy-kids-fashion-2026-trend-driven-sourcing-guide.md,CSSBuy Kids Fashion 2026: Trend-Driven Sourcing Guide,all-products,All Products,https://repsootd.com/products/,False
blog/cssbuy-kids-shoes-2026-complete-childrens-footwear-sourcing-guide.md,CSSBuy Kids Shoes 2026: Complete Children''''s Footwear Sourcing Guide,category,Shoes & Sneakers,https://repsootd.com/products/?q=Shoes+%26+Sneakers,False
blog/cssbuy-kids-shoes-2026-complete-guide-to-childrens-footwear.md,CSSBuy Kids Shoes 2026: Complete Guide to Children''''s Footwear,category,Shoes & Sneakers,https://repsootd.com/products/?q=Shoes+%26+Sneakers,False
blog/cssbuy-kids-sizes-2026-complete-guide-to-childrens-sizing.md,CSSBuy Kids Sizes 2026: Complete Guide to Children''''s Sizing,all-products,All Products,https://repsootd.com/products/,False
blog/cssbuy-kobe-2026-the-ultimate-guide-to-legendary-basketball-sneakers.md,CSSBuy Kobe 2026: The Ultimate Guide to Legendary Basketball Sneakers,category,Shoes & Sneakers,https://repsootd.com/products/?q=Shoes+%26+Sneakers,False
blog/cssbuy-kobe-6-2026-deep-dive-into-kobe-bryants-most-iconic-basketball-shoe.md,CSSBuy Kobe 6 2026: Deep Dive into Kobe Bryant''''s Most Iconic Basketball Shoe,category,Shoes & Sneakers,https://repsootd.com/products/?q=Shoes+%26+Sneakers,False
blog/cssbuy-kukirin-2026-electric-mobility-at-unbeatable-prices.md,CSSBuy Kukirin 2026: Electric Mobility at Unbeatable Prices,all-products,All Products,https://repsootd.com/products/,False
blog/cssbuy-labubu-2026-complete-guide-to-collectible-designer-figures.md,CSSBuy Labubu 2026: Complete Guide to Collectible Designer Figures,all-products,All Products,https://repsootd.com/products/,False
blog/cssbuy-lacoste-2026-complete-guide-to-french-tennis-heritage.md,CSSBuy Lacoste 2026: Complete Guide to French Tennis Heritage,brand,Lacoste,https://repsootd.com/products/?q=Lacoste,False
blog/cssbuy-lanvin-2026-complete-guide-to-french-luxury-streetwear.md,CSSBuy Lanvin 2026: Complete Guide to French Luxury Streetwear,all-products,All Products,https://repsootd.com/products/,False
blog/cssbuy-latin-america-shipping-2026-complete-guide-to-regional-delivery.md,CSSBuy Latin America Shipping 2026: Complete Guide to Regional Delivery,all-products,All Products,https://repsootd.com/products/,False
blog/cssbuy-legit-2026-verifying-authenticity-and-quality-in-international-shopping.md,CSSBuy Legit 2026: Verifying Authenticity and Quality in International Shopping,all-products,All Products,https://repsootd.com/products/,False
blog/cssbuy-legit-check-2026-complete-guide-to-product-authentication.md,CSSBuy Legit Check 2026: Complete Guide to Product Authentication,all-products,All Products,https://repsootd.com/products/,False
blog/cssbuy-legit-check-guide-2026-complete-verification-system-for-authentic-products.md,CSSBuy Legit Check Guide 2026: Complete Verification System for Authentic Products,all-products,All Products,https://repsootd.com/products/,False
blog/cssbuy-legit-guide-2026-your-complete-blueprint-for-safe-replica-shopping.md,CSSBuy Legit Guide 2026: Your Complete Blueprint for Safe Replica Shopping,all-products,All Products,https://repsootd.com/products/,False
blog/cssbuy-legitimacy-2026-how-to-verify-a-trusted-fashion-resource.md,CSSBuy Legitimacy 2026: How to Verify a Trusted Fashion Resource,all-products,All Products,https://repsootd.com/products/,False
blog/cssbuy-lego-2026-complete-guide-to-building-toys-and-brick-sets.md,CSSBuy LEGO 2026: Complete Guide to Building Toys and Brick Sets,category,Electronics,https://repsootd.com/products/?q=Electronics,False
blog/cssbuy-link-2026-direct-access-and-quick-navigation-to-product-database.md,CSSBuy Link 2026: Direct Access & Quick Navigation to Product Database,all-products,All Products,https://repsootd.com/products/,False
blog/cssbuy-link-how-to-find-and-buy-products-easily.md,CSSBuy Link: How To Find And Buy Products Easily,all-products,All Products,https://repsootd.com/products/,False
blog/cssbuy-linki-adidas-tracksuits-recommendations-top-picks-for-2026.md,cssbuy Linki Adidas Tracksuits Recommendations: Top Picks for 2026,all-products,All Products,https://repsootd.com/products/,False
blog/cssbuy-linki-adidas-ultraboost-vs-nmd-performance-vs-lifestyle-comparison-2026.md,cssbuy Linki Adidas Ultraboost vs NMD: Performance vs Lifestyle Comparison 2026,all-products,All Products,https://repsootd.com/products/,False
blog/cssbuy-linki-air-force-1-review-2026-complete-product-analysis.md,cssbuy Linki Air Force 1 Review 2026: Complete Product Analysis,all-products,All Products,https://repsootd.com/products/,False
blog/cssbuy-linki-best-selling-sneakers-2026-popular-footwear-directory.md,cssbuy Linki Best-Selling Sneakers 2026: Popular Footwear Directory,category,Shoes & Sneakers,https://repsootd.com/products/?q=Shoes+%26+Sneakers,False
blog/cssbuy-linki-chrome-hearts-review-2026-complete-product-analysis.md,cssbuy Linki Chrome Hearts Review 2026: Complete Product Analysis,all-products,All Products,https://repsootd.com/products/,False
blog/cssbuy-linki-chrome-hearts-t-shirts-recommendations-luxury-streetwear-picks-for-2026.md,cssbuy Linki Chrome Hearts T-Shirts Recommendations: Luxury Streetwear Picks for 2026,all-products,All Products,https://repsootd.com/products/,False
blog/cssbuy-linki-chrome-hearts-vs-essentials-luxury-vs-minimalist-streetwear-2026.md,cssbuy Linki Chrome Hearts vs Essentials: Luxury vs Minimalist Streetwear 2026,brand,Essentials,https://repsootd.com/products/?q=Essentials,False
blog/cssbuy-linki-designer-watches-recommendations-luxury-timepieces-for-2026.md,cssbuy Linki Designer Watches Recommendations: Luxury Timepieces for 2026,all-products,All Products,https://repsootd.com/products/,False
blog/cssbuy-linki-dunk-low-review-2026-complete-product-analysis.md,cssbuy Linki Dunk Low Review 2026: Complete Product Analysis,all-products,All Products,https://repsootd.com/products/,False
blog/cssbuy-linki-essentials-hoodie-review-2026-complete-product-analysis.md,cssbuy Linki Essentials Hoodie Review 2026: Complete Product Analysis,brand,Essentials,https://repsootd.com/products/?q=Essentials,False
blog/cssbuy-linki-essentials-hoodies-recommendations-minimalist-streetwear-picks-for-2026.md,cssbuy Linki Essentials Hoodies Recommendations: Minimalist Streetwear Picks for 2026,brand,Essentials,https://repsootd.com/products/?q=Essentials,False
blog/cssbuy-linki-hoodies-vs-t-shirts-streetwear-essentials-comparison-2026.md,cssbuy Linki Hoodies vs T-Shirts: Streetwear Essentials Comparison 2026,brand,Essentials,https://repsootd.com/products/?q=Essentials,False
blog/cssbuy-linki-jordan-1-vs-jordan-4-detailed-silhouette-comparison-2026.md,cssbuy Linki Jordan 1 vs Jordan 4: Detailed Silhouette Comparison 2026,all-products,All Products,https://repsootd.com/products/,False
blog/cssbuy-linki-jordan-4-review-2026-complete-product-analysis.md,cssbuy Linki Jordan 4 Review 2026: Complete Product Analysis,all-products,All Products,https://repsootd.com/products/,False
blog/cssbuy-linki-jordan-hoodies-recommendations-top-picks-for-2026.md,cssbuy Linki Jordan Hoodies Recommendations: Top Picks for 2026,all-products,All Products,https://repsootd.com/products/,False
blog/cssbuy-linki-new-sneakers-2026-latest-footwear-additions-directory.md,cssbuy Linki New Sneakers 2026: Latest Footwear Additions Directory,category,Shoes & Sneakers,https://repsootd.com/products/?q=Shoes+%26+Sneakers,False
blog/cssbuy-linki-nike-dunk-vs-air-force-1-complete-comparison-guide-2026.md,cssbuy Linki Nike Dunk vs Air Force 1: Complete Comparison Guide 2026,brand,Nike,https://repsootd.com/products/?q=Nike,False
blog/cssbuy-linki-nike-sneakers-recommendations-top-picks-for-2026.md,cssbuy Linki Nike Sneakers Recommendations: Top Picks for 2026,brand,Nike,https://repsootd.com/products/?q=Nike,False
blog/cssbuy-linki-nike-vs-adidas-complete-brand-comparison-guide-2026.md,cssbuy Linki Nike vs Adidas: Complete Brand Comparison Guide 2026,brand,Nike,https://repsootd.com/products/?q=Nike,False
blog/cssbuy-linki-off-white-review-2026-complete-product-analysis.md,cssbuy Linki Off-White Review 2026: Complete Product Analysis,brand,Off-White,https://repsootd.com/products/?q=Off-White,False
blog/cssbuy-linki-sneakers-deals-2026-discount-resources-and-pricing-guide.md,cssbuy Linki Sneakers Deals 2026: Discount Resources & Pricing Guide,category,Shoes & Sneakers,https://repsootd.com/products/?q=Shoes+%26+Sneakers,False
blog/cssbuy-linki-sneakers-vs-boots-footwear-style-comparison-2026.md,cssbuy Linki Sneakers vs Boots: Footwear Style Comparison 2026,category,Shoes & Sneakers,https://repsootd.com/products/?q=Shoes+%26+Sneakers,False
blog/cssbuy-linki-stussy-accessories-recommendations-streetwear-essentials-for-2026.md,cssbuy Linki Stussy Accessories Recommendations: Streetwear Essentials for 2026,brand,Essentials,https://repsootd.com/products/?q=Essentials,False
blog/cssbuy-linki-stussy-review-2026-complete-product-analysis.md,cssbuy Linki Stussy Review 2026: Complete Product Analysis,brand,Stussy,https://repsootd.com/products/?q=Stussy,False
blog/cssbuy-linki-supreme-bags-recommendations-hype-streetwear-accessories-for-2026.md,cssbuy Linki Supreme Bags Recommendations: Hype Streetwear Accessories for 2026,all-products,All Products,https://repsootd.com/products/,False
blog/cssbuy-linki-supreme-review-2026-complete-product-analysis.md,cssbuy Linki Supreme Review 2026: Complete Product Analysis,all-products,All Products,https://repsootd.com/products/,False
blog/cssbuy-linki-supreme-vs-off-white-hype-streetwear-comparison-2026.md,cssbuy Linki Supreme vs Off-White: Hype Streetwear Comparison 2026,brand,Off-White,https://repsootd.com/products/?q=Off-White,False
blog/cssbuy-linki-trapstar-jackets-recommendations-bold-streetwear-picks-for-2026.md,cssbuy Linki Trapstar Jackets Recommendations: Bold Streetwear Picks for 2026,brand,Trapstar,https://repsootd.com/products/?q=Trapstar,False
blog/cssbuy-linki-trapstar-review-2026-complete-product-analysis.md,cssbuy Linki Trapstar Review 2026: Complete Product Analysis,brand,Trapstar,https://repsootd.com/products/?q=Trapstar,False
blog/cssbuy-linki-trapstar-vs-stussy-streetwear-brand-comparison-2026.md,cssbuy Linki Trapstar vs Stussy: Streetwear Brand Comparison 2026,brand,Trapstar,https://repsootd.com/products/?q=Trapstar,False
blog/cssbuy-linki-yeezy-350-review-2026-complete-product-analysis.md,cssbuy Linki Yeezy 350 Review 2026: Complete Product Analysis,all-products,All Products,https://repsootd.com/products/,False
blog/cssbuy-linki-yeezy-350-vs-yeezy-500-silhouette-comparison-guide-2026.md,cssbuy Linki Yeezy 350 vs Yeezy 500: Silhouette Comparison Guide 2026,all-products,All Products,https://repsootd.com/products/,False
blog/cssbuy-linki-yeezy-sneakers-recommendations-top-picks-for-2026.md,cssbuy Linki Yeezy Sneakers Recommendations: Top Picks for 2026,category,Shoes & Sneakers,https://repsootd.com/products/?q=Shoes+%26+Sneakers,False
blog/cssbuy-linktree-central-hub-for-all-shopping-resources.md,CSSBuy Linktree: Central Hub for All Shopping Resources,all-products,All Products,https://repsootd.com/products/,False
blog/cssbuy-list-complete-product-directory-and-catalog-guide.md,CSSBuy List: Complete Product Directory and Catalog Guide,all-products,All Products,https://repsootd.com/products/,False
blog/cssbuy-louboutin-2026-luxury-footwear-at-unbeatable-prices.md,CSSBuy Louboutin 2026: Luxury Footwear at Unbeatable Prices,category,Shoes & Sneakers,https://repsootd.com/products/?q=Shoes+%26+Sneakers,False
blog/cssbuy-louis-vuitton-2026-the-complete-guide-to-iconic-french-luxury.md,CSSBuy Louis Vuitton 2026: The Complete Guide to Iconic French Luxury,brand,Louis Vuitton,https://repsootd.com/products/?q=Louis+Vuitton,False
blog/cssbuy-low-price-guide-2026-complete-resource-for-budget-conscious-buyers.md,CSSBuy Low Price Guide 2026: Complete Resource for Budget-Conscious Buyers,all-products,All Products,https://repsootd.com/products/,False
blog/cssbuy-lululemon-2026-complete-guide-to-premium-technical-activewear.md,CSSBuy Lululemon 2026: Complete Guide to Premium Technical Activewear,all-products,All Products,https://repsootd.com/products/,False
blog/cssbuy-luxury-2026-complete-luxury-product-sourcing-guide.md,CSSBuy Luxury 2026: Complete Luxury Product Sourcing Guide,all-products,All Products,https://repsootd.com/products/,False
blog/cssbuy-luxury-finds-2026-best-premium-products-guide.md,CSSBuy Luxury Finds 2026: Best Premium Products Guide,all-products,All Products,https://repsootd.com/products/,False
blog/cssbuy-lv-bag-2026-premium-replica-guide-with-verified-quality-data.md,CSSBuy LV Bag 2026: Premium Replica Guide with Verified Quality Data,category,Bags,https://repsootd.com/products/?q=Bags,False
blog/cssbuy-lv-skate-2026-premium-replica-sneakers-with-verified-quality-data.md,CSSBuy LV Skate 2026: Premium Replica Sneakers with Verified Quality Data,category,Shoes & Sneakers,https://repsootd.com/products/?q=Shoes+%26+Sneakers,False
blog/cssbuy-maker-build-your-own-product-research-tool.md,CSSBuy Maker: Build Your Own Product Research Tool,all-products,All Products,https://repsootd.com/products/,False
blog/cssbuy-makeup-2026-complete-guide-to-beauty-and-cosmetics-collection.md,CSSBuy Makeup 2026: Complete Guide to Beauty & Cosmetics Collection,all-products,All Products,https://repsootd.com/products/,False
blog/cssbuy-men-2026-complete-guide-to-mens-fashion-sourcing.md,CSSBuy Men 2026: Complete Guide to Men''''s Fashion Sourcing,all-products,All Products,https://repsootd.com/products/,False
blog/cssbuy-men-clothes-2026-complete-guide-to-verified-mens-fashion.md,CSSBuy Men Clothes 2026: Complete Guide to Verified Men''''s Fashion,all-products,All Products,https://repsootd.com/products/,False
blog/cssbuy-men-shoes-2026-complete-guide-to-mens-footwear-collection.md,CSSBuy Men Shoes 2026: Complete Guide to Men''''s Footwear Collection,category,Shoes & Sneakers,https://repsootd.com/products/?q=Shoes+%26+Sneakers,False
blog/cssbuy-men-sizes-2026-complete-guide-to-mens-sizing.md,CSSBuy Men Sizes 2026: Complete Guide to Men''''s Sizing,all-products,All Products,https://repsootd.com/products/,False
blog/cssbuy-mens-2026-your-ultimate-sourcing-dashboard.md,CSSBuy Men''''s 2026: Your Ultimate Sourcing Dashboard,all-products,All Products,https://repsootd.com/products/,False
blog/cssbuy-mens-accessories-2026-complete-accessory-sourcing-guide.md,CSSBuy Men''''s Accessories 2026: Complete Accessory Sourcing Guide,all-products,All Products,https://repsootd.com/products/,False
blog/cssbuy-mens-bags-2026-complete-bag-sourcing-guide.md,CSSBuy Men''''s Bags 2026: Complete Bag Sourcing Guide,category,Bags,https://repsootd.com/products/?q=Bags,False
blog/cssbuy-mens-clothing-2026-complete-sourcing-blueprint.md,CSSBuy Men''''s Clothing 2026: Complete Sourcing Blueprint,all-products,All Products,https://repsootd.com/products/,False
blog/cssbuy-mens-fashion-2026-data-driven-sourcing-guide.md,CSSBuy Men''''s Fashion 2026: Data-Driven Sourcing Guide,all-products,All Products,https://repsootd.com/products/,False
blog/cssbuy-mens-shoes-2026-ultimate-footwear-sourcing-guide.md,CSSBuy Men''''s Shoes 2026: Ultimate Footwear Sourcing Guide,category,Shoes & Sneakers,https://repsootd.com/products/?q=Shoes+%26+Sneakers,False
blog/cssbuy-mertra-2026-complete-guide-to-emerging-streetwear-brand.md,CSSBuy Mertra 2026: Complete Guide to Emerging Streetwear Brand,all-products,All Products,https://repsootd.com/products/,False
blog/cssbuy-michael-kors-2026-designer-fashion-at-smart-prices.md,CSSBuy Michael Kors 2026: Designer Fashion at Smart Prices,all-products,All Products,https://repsootd.com/products/,False
blog/cssbuy-middle-east-shipping-2026-complete-guide-to-regional-delivery.md,CSSBuy Middle East Shipping 2026: Complete Guide to Regional Delivery,all-products,All Products,https://repsootd.com/products/,False
blog/cssbuy-miu-miu-2026-complete-guide-to-playful-italian-luxury.md,CSSBuy Miu Miu 2026: Complete Guide to Playful Italian Luxury,all-products,All Products,https://repsootd.com/products/,False
blog/cssbuy-mma-gear-2026-complete-guide-to-combat-sports-equipment.md,CSSBuy MMA Gear 2026: Complete Guide to Combat Sports Equipment,all-products,All Products,https://repsootd.com/products/,False
blog/cssbuy-mobile-accessories-2026-complete-guide-to-phone-protection-and-enhancement.md,CSSBuy Mobile Accessories 2026: Complete Guide to Phone Protection and Enhancement,category,Electronics,https://repsootd.com/products/?q=Electronics,False
blog/cssbuy-moncler-2026-complete-guide-to-luxury-down-jackets.md,CSSBuy Moncler 2026: Complete Guide to Luxury Down Jackets,brand,Moncler,https://repsootd.com/products/?q=Moncler,False
blog/cssbuy-money-saving-tips-2026-advanced-techniques-for-maximum-value.md,CSSBuy Money Saving Tips 2026: Advanced Techniques for Maximum Value,all-products,All Products,https://repsootd.com/products/,False
blog/cssbuy-motocross-gear-2026-complete-guide-to-off-road-riding-equipment.md,CSSBuy Motocross Gear 2026: Complete Guide to Off-Road Riding Equipment,all-products,All Products,https://repsootd.com/products/,False
blog/cssbuy-motorcycle-gear-2026-complete-guide-to-riding-equipment-and-accessories.md,CSSBuy Motorcycle Gear 2026: Complete Guide to Riding Equipment and Accessories,all-products,All Products,https://repsootd.com/products/,False
blog/cssbuy-mtb-gear-2026-complete-guide-to-mountain-biking-equipment.md,CSSBuy MTB Gear 2026: Complete Guide to Mountain Biking Equipment,all-products,All Products,https://repsootd.com/products/,False
blog/cssbuy-new-balance-2026-complete-guide-to-dad-shoes-and-lifestyle-sneakers.md,CSSBuy New Balance 2026: Complete Guide to Dad Shoes and Lifestyle Sneakers,category,Shoes & Sneakers,https://repsootd.com/products/?q=Shoes+%26+Sneakers,False
blog/cssbuy-new-balance-9060-2026-complete-guide-to-retro-futuristic-sneakers.md,CSSBuy New Balance 9060 2026: Complete Guide to Retro-Futuristic Sneakers,category,Shoes & Sneakers,https://repsootd.com/products/?q=Shoes+%26+Sneakers,False
blog/cssbuy-new-latest-products-and-updates-for-2026.md,CSSBuy New: Latest Products and Updates for 2026,all-products,All Products,https://repsootd.com/products/,False
blog/cssbuy-new-user-coupons-sign-up-rewards-2026.md,CSSBuy New User Coupons and Sign-Up Rewards in 2026,all-products,All Products,https://repsootd.com/products/,True
blog/cssbuy-new-user-guide.md,CSSBuy: New User Guide,all-products,All Products,https://repsootd.com/products/,False
blog/cssbuy-nike-2026-complete-guide-to-nike-sneakers-apparel-and-more.md,"CSSBuy Nike 2026: Complete Guide to Nike Sneakers, Apparel & More",brand,Nike,https://repsootd.com/products/?q=Nike,False
blog/cssbuy-nike-2026-complete-nike-product-sourcing-guide.md,CSSBuy Nike 2026: Complete Nike Product Sourcing Guide,brand,Nike,https://repsootd.com/products/?q=Nike,False
blog/cssbuy-nike-air-force-1-2026-complete-collection-guide.md,CSSBuy Nike Air Force 1 2026: Complete Collection Guide,brand,Nike,https://repsootd.com/products/?q=Nike,False
blog/cssbuy-nike-air-max-2026-complete-guide-to-air-max-collection.md,CSSBuy Nike Air Max 2026: Complete Guide to Air Max Collection,brand,Nike,https://repsootd.com/products/?q=Nike,False
blog/cssbuy-nike-elite-2026-complete-guide-to-basketball-shoes-and-gear.md,CSSBuy Nike Elite 2026: Complete Guide to Basketball Shoes and Gear,brand,Nike,https://repsootd.com/products/?q=Nike,False
blog/cssbuy-nike-elite-bag-2026-complete-guide-to-backpacks-and-gear-bags.md,CSSBuy Nike Elite Bag 2026: Complete Guide to Backpacks and Gear Bags,brand,Nike,https://repsootd.com/products/?q=Nike,False
blog/cssbuy-nike-guide-2026-complete-resource-for-nike-products.md,CSSBuy Nike Guide 2026: Complete Resource for Nike Products,brand,Nike,https://repsootd.com/products/?q=Nike,False
blog/cssbuy-nike-mind-001-2026-complete-guide-to-nikes-innovative-footwear.md,CSSBuy Nike Mind 001 2026: Complete Guide to Nike''''s Innovative Footwear,brand,Nike,https://repsootd.com/products/?q=Nike,False
blog/cssbuy-nike-socks-2026-complete-guide-to-performance-and-lifestyle-socks.md,CSSBuy Nike Socks 2026: Complete Guide to Performance and Lifestyle Socks,brand,Nike,https://repsootd.com/products/?q=Nike,False
blog/cssbuy-nike-tech-fleece-2026-complete-buyers-guide-to-nikes-premium-fabric-collection.md,CSSBuy Nike Tech Fleece 2026: Complete Buyer''''s Guide to Nike''''s Premium Fabric Collection,brand,Nike,https://repsootd.com/products/?q=Nike,False
blog/cssbuy-nike-tn-2026-complete-guide-to-nike-max-plus-tn-collection.md,CSSBuy Nike TN 2026: Complete Guide to Nike Max Plus TN Collection,brand,Nike,https://repsootd.com/products/?q=Nike,False
blog/cssbuy-nocta-2026-the-complete-guide-to-drakes-premium-streetwear-vision.md,CSSBuy NOCTA 2026: The Complete Guide to Drake''''s Premium Streetwear Vision,all-products,All Products,https://repsootd.com/products/,False
blog/cssbuy-oakley-2026-premium-performance-eyewear-at-unbeatable-prices.md,CSSBuy Oakley 2026: Premium Performance Eyewear at Unbeatable Prices,category,Eyewear,https://repsootd.com/products/?q=Eyewear,False
blog/cssbuy-oceania-shipping-2026-complete-guide-to-regional-delivery.md,CSSBuy Oceania Shipping 2026: Complete Guide to Regional Delivery,all-products,All Products,https://repsootd.com/products/,False
blog/cssbuy-off-white-2026-the-complete-guide-to-virgil-ablohs-fashion-legacy.md,CSSBuy Off-White 2026: The Complete Guide to Virgil Abloh''''s Fashion Legacy,brand,Off-White,https://repsootd.com/products/?q=Off-White,False
blog/cssbuy-onboarding-2026-your-complete-new-user-orientation.md,CSSBuy Onboarding 2026: Your Complete New User Orientation,all-products,All Products,https://repsootd.com/products/,False
blog/cssbuy-order-guide.md,CSSBuy: Order Guide,all-products,All Products,https://repsootd.com/products/,False
blog/cssbuy-order-process-brazil-product-link-to-parcel.md,CSSBuy Order Process in Brazil: From Product Link to Parcel,all-products,All Products,https://repsootd.com/products/,True
blog/cssbuy-ordering-process.md,CSSBuy: Ordering Process,all-products,All Products,https://repsootd.com/products/,False
blog/cssbuy-org-organization-and-structure-of-the-database.md,CSSBuy Org: Organization and Structure of the Database,all-products,All Products,https://repsootd.com/products/,False
blog/cssbuy-original-guide-2026-complete-resource-for-replica-product-quality.md,CSSBuy Original Guide 2026: Complete Resource for Replica Product Quality,all-products,All Products,https://repsootd.com/products/,False
blog/cssbuy-original-products-2026-guide-to-finding-high-quality-replica-items.md,CSSBuy Original Products 2026: Guide to Finding High-Quality Replica Items,all-products,All Products,https://repsootd.com/products/,False
blog/cssbuy-outdoor-2026-complete-outdoor-product-sourcing-guide.md,CSSBuy Outdoor 2026: Complete Outdoor Product Sourcing Guide,all-products,All Products,https://repsootd.com/products/,False
blog/cssbuy-outdoor-gear-2026-complete-guide-to-verified-adventure-equipment.md,CSSBuy Outdoor Gear 2026: Complete Guide to Verified Adventure Equipment,all-products,All Products,https://repsootd.com/products/,False
blog/cssbuy-outdoor-shoes-2026-adventure-footwear-with-verified-quality.md,CSSBuy Outdoor Shoes 2026: Adventure Footwear with Verified Quality,category,Shoes & Sneakers,https://repsootd.com/products/?q=Shoes+%26+Sneakers,False
blog/cssbuy-packaging-fragile-items-brazil-guide.md,CSSBuy Parcel Packaging and Fragile Item Guide for Brazil,all-products,All Products,https://repsootd.com/products/,True
blog/cssbuy-packaging-guide-2026-complete-protection-and-repackaging-options.md,CSSBuy Packaging Guide 2026: Complete Protection & Repackaging Options,all-products,All Products,https://repsootd.com/products/,False
blog/cssbuy-palm-angels-2026-complete-guide-to-italian-streetwear.md,CSSBuy Palm Angels 2026: Complete Guide to Italian Streetwear,brand,Palm Angels,https://repsootd.com/products/?q=Palm+Angels,False
blog/cssbuy-palm-angels-hoodie-2026-luxury-streetwear-meets-california-cool.md,CSSBuy Palm Angels Hoodie 2026: Luxury Streetwear Meets California Cool,brand,Palm Angels,https://repsootd.com/products/?q=Palm+Angels,False
blog/cssbuy-pants-2026-complete-guide-to-all-styles-and-brands.md,CSSBuy Pants 2026: Complete Guide to All Styles and Brands,category,Pants,https://repsootd.com/products/?q=Pants,False
blog/cssbuy-parcel-tracking-insurance-brazil-guide.md,CSSBuy Parcel Tracking and Insurance for Brazil: A Safer Shipping Workflow,all-products,All Products,https://repsootd.com/products/,True
blog/cssbuy-payment-guide.md,CSSBuy: Payment Guide,all-products,All Products,https://repsootd.com/products/,False
blog/cssbuy-payment-methods-brazil-guide.md,CSSBuy Payment Methods for Brazil: What to Check Before Paying,all-products,All Products,https://repsootd.com/products/,True
blog/cssbuy-payment-safety-2026-complete-guide-to-protecting-your-financial-information.md,CSSBuy Payment Safety 2026: Complete Guide to Protecting Your Financial Information,all-products,All Products,https://repsootd.com/products/,False
blog/cssbuy-paypal-guide-2026-complete-resource-for-secure-paypal-payments-and-buyer-protection.md,CSSBuy PayPal Guide 2026: Complete Resource for Secure PayPal Payments & Buyer Protection,all-products,All Products,https://repsootd.com/products/,False
blog/cssbuy-perfume-2026-complete-guide-to-scent-profiles-and-variants.md,CSSBuy Perfume 2026: Complete Guide to Scent Profiles & Variants,category,Fragrances,https://repsootd.com/products/?q=Fragrances,False
blog/cssbuy-phone-2026-complete-guide-to-mobile-devices-and-accessories.md,CSSBuy Phone 2026: Complete Guide to Mobile Devices and Accessories,category,Electronics,https://repsootd.com/products/?q=Electronics,False
blog/cssbuy-phone-accessories-2026-complete-guide-to-verified-mobile-gear.md,CSSBuy Phone Accessories 2026: Complete Guide to Verified Mobile Gear,category,Electronics,https://repsootd.com/products/?q=Electronics,False
blog/cssbuy-phone-case-2026-affordable-protection-with-verified-quality.md,CSSBuy Phone Case 2026: Affordable Protection with Verified Quality,category,Electronics,https://repsootd.com/products/?q=Electronics,False
blog/cssbuy-photos-2026-complete-guide-to-qc-images-and-product-verification.md,CSSBuy Photos 2026: Complete Guide to QC Images & Product Verification,all-products,All Products,https://repsootd.com/products/,False
blog/cssbuy-platform-comparison-2026-complete-shopping-service-analysis.md,CSSBuy Platform Comparison 2026: Complete Shopping Service Analysis,all-products,All Products,https://repsootd.com/products/,False
blog/cssbuy-platform-guide.md,CSSBuy: Platform Guide,all-products,All Products,https://repsootd.com/products/,False
blog/cssbuy-platform.md,CSSBuy: Platform,all-products,All Products,https://repsootd.com/products/,False
blog/cssbuy-plus-size-2026-complete-guide-to-plus-size-shopping.md,CSSBuy Plus Size 2026: Complete Guide to Plus Size Shopping,all-products,All Products,https://repsootd.com/products/,False
blog/cssbuy-plus-size-2026-complete-plus-size-fashion-sourcing-guide.md,CSSBuy Plus Size 2026: Complete Plus-Size Fashion Sourcing Guide,all-products,All Products,https://repsootd.com/products/,False
blog/cssbuy-points-deals-seasonal-promotions-brazil.md,"CSSBuy Points, Deals and Seasonal Promotions for Brazil",all-products,All Products,https://repsootd.com/products/,True
blog/cssbuy-poland-2026-complete-guide-to-shopping-from-china.md,CSSBuy Poland 2026: Complete Guide to Shopping from China,all-products,All Products,https://repsootd.com/products/,False
blog/cssbuy-poland-guide-2026-fashion-discovery-for-polish-users.md,CSSBuy Poland Guide 2026: Fashion Discovery for Polish Users,all-products,All Products,https://repsootd.com/products/,False
blog/cssbuy-polo-2026-verified-designer-and-classic-polo-shirt-collection.md,CSSBuy Polo 2026: Verified Designer & Classic Polo Shirt Collection,category,Polos,https://repsootd.com/products/?q=Polos,False
blog/cssbuy-polo-ralph-lauren-2026-complete-guide-to-american-heritage-style.md,CSSBuy Polo Ralph Lauren 2026: Complete Guide to American Heritage Style,brand,Ralph Lauren,https://repsootd.com/products/?q=Ralph+Lauren,False
blog/cssbuy-polo-shirt-2026-complete-guide-to-verified-polo-styles.md,CSSBuy Polo Shirt 2026: Complete Guide to Verified Polo Styles,category,Polos,https://repsootd.com/products/?q=Polos,False
blog/cssbuy-polska-2026-complete-guide-for-polish-buyers-shopping-from-china.md,CSSBuy Polska 2026: Complete Guide for Polish Buyers Shopping from China,all-products,All Products,https://repsootd.com/products/,False
blog/cssbuy-polska-2026-ultimate-shopping-guide-for-polish-buyers.md,CSSBuy Polska 2026: Ultimate Shopping Guide for Polish Buyers,all-products,All Products,https://repsootd.com/products/,False
blog/cssbuy-polska-guide-2026-fashion-discovery-for-polish-users.md,CSSBuy Polska Guide 2026: Fashion Discovery for Polish Users,all-products,All Products,https://repsootd.com/products/,False
blog/cssbuy-prada-2026-complete-guide-to-italian-luxury-fashion.md,CSSBuy Prada 2026: Complete Guide to Italian Luxury Fashion,all-products,All Products,https://repsootd.com/products/,False
blog/cssbuy-premium-quality-2026-top-tier-standards-for-exceptional-value.md,CSSBuy Premium Quality 2026: Top-Tier Standards for Exceptional Value,all-products,All Products,https://repsootd.com/products/,False
blog/cssbuy-premium-quality-guide-to-top-tier-replica-products.md,CSSBuy Premium Quality: Guide to Top-Tier Replica Products,all-products,All Products,https://repsootd.com/products/,False
blog/cssbuy-privacy-guide-2026-complete-resource-for-data-protection-and-personal-information-security.md,CSSBuy Privacy Guide 2026: Complete Resource for Data Protection & Personal Information Security,all-products,All Products,https://repsootd.com/products/,False
blog/cssbuy-product-catalog-2026-cloud-based-product-database-and-real-time-updates.md,CSSBuy product catalog 2026: Cloud-Based Product Database & Real-Time Updates,all-products,All Products,https://repsootd.com/products/,False
blog/cssbuy-product-data-complete-guide-to-product-data-compatibility-and-usage.md,CSSBuy product data: Complete Guide to product data Compatibility and Usage,all-products,All Products,https://repsootd.com/products/,False
blog/cssbuy-product-guide-comprehensive-documentation-and-research-guide.md,CSSBuy product guide: Comprehensive Documentation and Research Guide,all-products,All Products,https://repsootd.com/products/,False
blog/cssbuy-product-reference-guide.md,CSSBuy Product Reference Guide,all-products,All Products,https://repsootd.com/products/,False
blog/cssbuy-profit-guide-2026-maximizing-returns-on-every-purchase.md,CSSBuy Profit Guide 2026: Maximizing Returns on Every Purchase,all-products,All Products,https://repsootd.com/products/,False
blog/cssbuy-purchase-guide.md,CSSBuy: Purchase Guide,all-products,All Products,https://repsootd.com/products/,False
blog/cssbuy-purple-jeans-2026-the-ultimate-guide-to-colored-denim.md,CSSBuy Purple Jeans 2026: The Ultimate Guide to Colored Denim,category,Pants,https://repsootd.com/products/?q=Pants,False
blog/cssbuy-purse-2026-complete-guide-to-verified-small-bags-and-clutches.md,CSSBuy Purse 2026: Complete Guide to Verified Small Bags and Clutches,all-products,All Products,https://repsootd.com/products/,False
blog/cssbuy-qc-2026-quality-control-data-for-confident-international-shopping.md,CSSBuy QC 2026: Quality Control Data for Confident International Shopping,all-products,All Products,https://repsootd.com/products/,False
blog/cssbuy-qc-guide-2026-complete-quality-control-process-explained.md,CSSBuy QC Guide 2026: Complete Quality Control Process Explained,all-products,All Products,https://repsootd.com/products/,False
blog/cssbuy-qc-photos-2026-complete-guide-to-quality-verification.md,CSSBuy QC Photos 2026: Complete Guide to Quality Verification,all-products,All Products,https://repsootd.com/products/,False
blog/cssbuy-qc-photos-2026-visual-quality-verification-for-smart-buyers.md,CSSBuy QC Photos 2026: Visual Quality Verification for Smart Buyers,all-products,All Products,https://repsootd.com/products/,False
blog/cssbuy-qc-photos-brazil-review-before-shipping.md,CSSBuy QC Photos for Brazilian Shoppers: What to Review Before Shipping,all-products,All Products,https://repsootd.com/products/,True
blog/cssbuy-quality-check-2026-complete-guide-to-evaluating-product-standards.md,CSSBuy Quality Check 2026: Complete Guide to Evaluating Product Standards,all-products,All Products,https://repsootd.com/products/,False
blog/cssbuy-quality-check-inspection-checklist-brazil-orders.md,CSSBuy Quality Check: A Practical Inspection Checklist for Brazil Orders,all-products,All Products,https://repsootd.com/products/,True
blog/cssbuy-quality-control-2026-inside-the-system-that-protects-every-buyer.md,CSSBuy Quality Control 2026: Inside the System That Protects Every Buyer,all-products,All Products,https://repsootd.com/products/,False
blog/cssbuy-quality-guide-2026-complete-resource-for-quality-assessment.md,CSSBuy Quality Guide 2026: Complete Resource for Quality Assessment,all-products,All Products,https://repsootd.com/products/,False
blog/cssbuy-quality-verification-2026-complete-framework-for-assessing-product-standards.md,CSSBuy Quality Verification 2026: Complete Framework for Assessing Product Standards,all-products,All Products,https://repsootd.com/products/,False
blog/cssbuy-ralph-lauren-2026-complete-guide-to-luxury-american-fashion.md,CSSBuy Ralph Lauren 2026: Complete Guide to Luxury American Fashion,brand,Ralph Lauren,https://repsootd.com/products/?q=Ralph+Lauren,False
blog/cssbuy-reddit-2025-complete-historical-guide-to-community-shopping-data.md,CSSBuy Reddit 2025: Complete Historical Guide to Community Shopping Data,all-products,All Products,https://repsootd.com/products/,False
blog/cssbuy-reddit-2025-year-in-review-of-community-experiences-and-insights.md,CSSBuy Reddit 2025: Year in Review of Community Experiences and Insights,all-products,All Products,https://repsootd.com/products/,False
blog/cssbuy-reddit-2026-community-reviews-and-discussions-guide.md,CSSBuy Reddit 2026: Community Reviews & Discussions Guide,all-products,All Products,https://repsootd.com/products/,False
blog/cssbuy-reddit-2026-latest-community-insights-and-shopping-trends.md,CSSBuy Reddit 2026: Latest Community Insights and Shopping Trends,all-products,All Products,https://repsootd.com/products/,False
blog/cssbuy-reddit-2026-the-ultimate-community-driven-shopping-resource.md,CSSBuy Reddit 2026: The Ultimate Community-Driven Shopping Resource,all-products,All Products,https://repsootd.com/products/,False
blog/cssbuy-reddit-2026-your-complete-guide-to-community-sourced-shopping-intelligence.md,CSSBuy Reddit 2026: Your Complete Guide to Community-Sourced Shopping Intelligence,all-products,All Products,https://repsootd.com/products/,False
blog/cssbuy-reddit-guide-2026-complete-community-resource-for-smart-shopping.md,CSSBuy Reddit Guide 2026: Complete Community Resource for Smart Shopping,all-products,All Products,https://repsootd.com/products/,False
blog/cssbuy-reddit-reviews-2026-authentic-user-experiences-and-detailed-analysis.md,CSSBuy Reddit Reviews 2026: Authentic User Experiences and Detailed Analysis,all-products,All Products,https://repsootd.com/products/,False
blog/cssbuy-referral-invite-programs-guide.md,CSSBuy Referral and Invite Programs: What to Check Before Sharing,all-products,All Products,https://repsootd.com/products/,True
blog/cssbuy-refund-guide-2026-complete-resource-for-getting-your-money-back.md,CSSBuy Refund Guide 2026: Complete Resource for Getting Your Money Back,all-products,All Products,https://repsootd.com/products/,False
blog/cssbuy-refunds-balance-payment-troubleshooting-brazil.md,"CSSBuy Refunds, Balance and Payment Troubleshooting for Brazil",all-products,All Products,https://repsootd.com/products/,True
blog/cssbuy-registration-guide.md,CSSBuy: Registration Guide,all-products,All Products,https://repsootd.com/products/,False
blog/cssbuy-reliable-2026-proven-performance-data-every-buyer-should-know.md,CSSBuy Reliable 2026: Proven Performance Data Every Buyer Should Know,all-products,All Products,https://repsootd.com/products/,False
blog/cssbuy-reselling-guide-2026-building-a-profitable-replica-resale-business.md,CSSBuy Reselling Guide 2026: Building a Profitable Replica Resale Business,all-products,All Products,https://repsootd.com/products/,False
blog/cssbuy-reselling-tips-2026-advanced-strategies-for-maximum-profit.md,CSSBuy Reselling Tips 2026: Advanced Strategies for Maximum Profit,all-products,All Products,https://repsootd.com/products/,False
blog/cssbuy-restricted-prohibited-items-brazil-checklist.md,CSSBuy Restricted and Prohibited Items for Brazil: A Safer Buying Checklist,all-products,All Products,https://repsootd.com/products/,True
blog/cssbuy-return-policy-2026-complete-guide-to-returns-eligibility-and-processing-times.md,"CSSBuy Return Policy 2026: Complete Guide to Returns, Eligibility & Processing Times",all-products,All Products,https://repsootd.com/products/,False
blog/cssbuy-review-guide-2026-complete-analysis-of-platform-performance-and-user-feedback.md,CSSBuy Review Guide 2026: Complete Analysis of Platform Performance and User Feedback,all-products,All Products,https://repsootd.com/products/,False
blog/cssbuy-reviews-2026-complete-guide-to-real-customer-feedback-and-quality-analysis.md,CSSBuy Reviews 2026: Complete Guide to Real Customer Feedback & Quality Analysis,all-products,All Products,https://repsootd.com/products/,False
blog/cssbuy-reviews-2026-complete-guide-to-user-feedback-and-ratings.md,CSSBuy Reviews 2026: Complete Guide to User Feedback & Ratings,all-products,All Products,https://repsootd.com/products/,False
blog/cssbuy-reviews-2026-data-driven-product-evaluation-for-smart-shoppers.md,CSSBuy Reviews 2026: Data-Driven Product Evaluation for Smart Shoppers,all-products,All Products,https://repsootd.com/products/,False
blog/cssbuy-rick-owens-2026-complete-guide-to-avant-garde-dark-fashion.md,CSSBuy Rick Owens 2026: Complete Guide to Avant-Garde Dark Fashion,all-products,All Products,https://repsootd.com/products/,False
blog/cssbuy-rolex-2026-premium-replica-watches-with-verified-quality-data.md,CSSBuy Rolex 2026: Premium Replica Watches with Verified Quality Data,brand,Rolex,https://repsootd.com/products/?q=Rolex,False
blog/cssbuy-romania-2026-complete-shopping-guide-for-romanian-buyers.md,CSSBuy Romania 2026: Complete Shopping Guide for Romanian Buyers,all-products,All Products,https://repsootd.com/products/,False
blog/cssbuy-romania-guide-2026-fashion-discovery-for-romanian-users.md,CSSBuy Romania Guide 2026: Fashion Discovery for Romanian Users,all-products,All Products,https://repsootd.com/products/,False
blog/cssbuy-room-decor-2026-complete-guide-to-home-accessories-and-styling.md,CSSBuy Room Decor 2026: Complete Guide to Home Accessories & Styling,all-products,All Products,https://repsootd.com/products/,False
blog/cssbuy-running-gear-2026-complete-guide-to-running-equipment-and-apparel.md,CSSBuy Running Gear 2026: Complete Guide to Running Equipment and Apparel,all-products,All Products,https://repsootd.com/products/,False
blog/cssbuy-running-shoes-2026-performance-footwear-with-verified-quality.md,CSSBuy Running Shoes 2026: Performance Footwear with Verified Quality,category,Shoes & Sneakers,https://repsootd.com/products/?q=Shoes+%26+Sneakers,False
blog/cssbuy-safe-shopping-2026-complete-guide-to-secure-online-purchasing-and-buyer-safety.md,CSSBuy Safe Shopping 2026: Complete Guide to Secure Online Purchasing & Buyer Safety,all-products,All Products,https://repsootd.com/products/,False
blog/cssbuy-safety-guide-2026-how-to-shop-securely-and-protect-every-purchase.md,CSSBuy Safety Guide 2026: How to Shop Securely and Protect Every Purchase,all-products,All Products,https://repsootd.com/products/,False
blog/cssbuy-sale-guide-2026-shop-smart-during-major-sales-events.md,CSSBuy Sale Guide 2026: Shop Smart During Major Sales Events,all-products,All Products,https://repsootd.com/products/,False
blog/cssbuy-sales-2026-complete-guide-to-deals-discounts-and-best-value-shopping.md,"CSSBuy Sales 2026: Complete Guide to Deals, Discounts & Best Value Shopping",all-products,All Products,https://repsootd.com/products/,False
blog/cssbuy-save-money-2026-proven-strategies-to-maximize-your-shopping-budget.md,CSSBuy Save Money 2026: Proven Strategies to Maximize Your Shopping Budget,all-products,All Products,https://repsootd.com/products/,False
blog/cssbuy-scam-check-2026-complete-verification-guide-for-cautious-buyers.md,CSSBuy Scam Check 2026: Complete Verification Guide for Cautious Buyers,all-products,All Products,https://repsootd.com/products/,False
blog/cssbuy-seasonal-deals-2026-save-big-throughout-the-year.md,CSSBuy Seasonal Deals 2026: Save Big Throughout the Year,all-products,All Products,https://repsootd.com/products/,False
blog/cssbuy-secure-payment-2026-complete-guide-to-safe-transaction-methods-and-encryption.md,CSSBuy Secure Payment 2026: Complete Guide to Safe Transaction Methods & Encryption,all-products,All Products,https://repsootd.com/products/,False
blog/cssbuy-seller-guide-2026-master-the-art-of-smart-shopping.md,CSSBuy Seller Guide 2026: Master the Art of Smart Shopping,all-products,All Products,https://repsootd.com/products/,False
blog/cssbuy-seller-ratings-2026-complete-guide-to-verified-seller-performance.md,CSSBuy Seller Ratings 2026: Complete Guide to Verified Seller Performance,all-products,All Products,https://repsootd.com/products/,False
blog/cssbuy-shipping-calculator-brazil-estimate-total-cost.md,CSSBuy Shipping Calculator for Brazil: How to Estimate Total Cost,all-products,All Products,https://repsootd.com/products/,True
blog/cssbuy-shipping-costs-2026-complete-pricing-guide.md,CSSBuy Shipping Costs 2026: Complete Pricing Guide,all-products,All Products,https://repsootd.com/products/,False
blog/cssbuy-shipping-guide-2026-complete-guide-to-delivery-and-customs.md,CSSBuy Shipping Guide 2026: Complete Guide to Delivery & Customs,all-products,All Products,https://repsootd.com/products/,False
blog/cssbuy-shipping-methods.md,CSSBuy: Shipping Methods,all-products,All Products,https://repsootd.com/products/,False
blog/cssbuy-shipping-options.md,CSSBuy: Shipping Options,all-products,All Products,https://repsootd.com/products/,False
blog/cssbuy-shipping-times-2026-complete-delivery-timeline-guide.md,CSSBuy Shipping Times 2026: Complete Delivery Timeline Guide,all-products,All Products,https://repsootd.com/products/,False
blog/cssbuy-shirt-2026-complete-guide-to-verified-shirt-collection.md,CSSBuy Shirt 2026: Complete Guide to Verified Shirt Collection,category,T-Shirts,https://repsootd.com/products/?q=T-Shirts,False
blog/cssbuy-shirts-2026-complete-guide-to-all-shirt-types-and-styles.md,CSSBuy Shirts 2026: Complete Guide to All Shirt Types and Styles,category,T-Shirts,https://repsootd.com/products/?q=T-Shirts,False
blog/cssbuy-shoes-2026-complete-collection-of-verified-footwear.md,CSSBuy Shoes 2026: Complete Collection of Verified Footwear,category,Shoes & Sneakers,https://repsootd.com/products/?q=Shoes+%26+Sneakers,False
blog/cssbuy-shoes-2026-complete-footwear-sourcing-guide.md,CSSBuy Shoes 2026: Complete Footwear Sourcing Guide,category,Shoes & Sneakers,https://repsootd.com/products/?q=Shoes+%26+Sneakers,False
blog/cssbuy-shoes-2026-updated-collection-and-trending-footwear-guide.md,CSSBuy Shoes 2026: Updated Collection and Trending Footwear Guide,category,Shoes & Sneakers,https://repsootd.com/products/?q=Shoes+%26+Sneakers,False
blog/cssbuy-shopping-guide.md,CSSBuy: Shopping Guide,all-products,All Products,https://repsootd.com/products/,False
blog/cssbuy-shopping-hacks-2026-insider-secrets-for-smarter-purchases.md,CSSBuy Shopping Hacks 2026: Insider Secrets for Smarter Purchases,all-products,All Products,https://repsootd.com/products/,False
blog/cssbuy-shopping-tips-2026-strategic-advice-to-maximize-your-value.md,CSSBuy Shopping Tips 2026: Strategic Advice to Maximize Your Value,all-products,All Products,https://repsootd.com/products/,False
blog/cssbuy-shorts-2026-your-complete-guide-to-summer-and-streetwear-styles.md,CSSBuy Shorts 2026: Your Complete Guide to Summer and Streetwear Styles,category,Shorts,https://repsootd.com/products/?q=Shorts,False
blog/cssbuy-site-complete-online-resource-for-replica-shopping.md,CSSBuy Site: Complete Online Resource for Replica Shopping,all-products,All Products,https://repsootd.com/products/,False
blog/cssbuy-size-chart-2026-detailed-measurements-for-every-product-type.md,CSSBuy Size Chart 2026: Detailed Measurements for Every Product Type,all-products,All Products,https://repsootd.com/products/,False
blog/cssbuy-size-conversion-2026-complete-guide-to-international-sizing.md,CSSBuy Size Conversion 2026: Complete Guide to International Sizing,all-products,All Products,https://repsootd.com/products/,False
blog/cssbuy-size-guide-2026-your-complete-resource-for-perfect-fit.md,CSSBuy Size Guide 2026: Your Complete Resource for Perfect Fit,all-products,All Products,https://repsootd.com/products/,False
blog/cssbuy-sizing-chart-2026-complete-measurement-guide-for-perfect-fit.md,CSSBuy Sizing Chart 2026: Complete Measurement Guide for Perfect Fit,all-products,All Products,https://repsootd.com/products/,False
blog/cssbuy-sizing-guide-2026-complete-resource-for-fit-and-measurements.md,CSSBuy Sizing Guide 2026: Complete Resource for Fit & Measurements,all-products,All Products,https://repsootd.com/products/,False
blog/cssbuy-slides-2026-comfort-first-slip-on-footwear-guide.md,CSSBuy Slides 2026: Comfort-First Slip-On Footwear Guide,category,Shoes & Sneakers,https://repsootd.com/products/?q=Shoes+%26+Sneakers,False
blog/cssbuy-sneakers-2026-complete-guide-to-verified-footwear.md,CSSBuy Sneakers 2026: Complete Guide to Verified Footwear,category,Shoes & Sneakers,https://repsootd.com/products/?q=Shoes+%26+Sneakers,False
blog/cssbuy-sneakers-2026-complete-sneaker-sourcing-guide.md,CSSBuy Sneakers 2026: Complete Sneaker Sourcing Guide,category,Shoes & Sneakers,https://repsootd.com/products/?q=Shoes+%26+Sneakers,False
blog/cssbuy-sneakers-2026-latest-trends-and-verified-collection-updates.md,CSSBuy Sneakers 2026: Latest Trends and Verified Collection Updates,category,Shoes & Sneakers,https://repsootd.com/products/?q=Shoes+%26+Sneakers,False
blog/cssbuy-sneakers-guide-2026-complete-buying-handbook.md,CSSBuy Sneakers Guide 2026: Complete Buying Handbook,category,Shoes & Sneakers,https://repsootd.com/products/?q=Shoes+%26+Sneakers,False
blog/cssbuy-soccer-gear-2026-complete-guide-to-verified-pitch-equipment.md,CSSBuy Soccer Gear 2026: Complete Guide to Verified Pitch Equipment,all-products,All Products,https://repsootd.com/products/,False
blog/cssbuy-soccer-shoes-2026-complete-guide-to-verified-football-footwear.md,CSSBuy Soccer Shoes 2026: Complete Guide to Verified Football Footwear,category,Shoes & Sneakers,https://repsootd.com/products/?q=Shoes+%26+Sneakers,False
blog/cssbuy-socks-2026-complete-guide-to-affordable-comfort.md,CSSBuy Socks 2026: Complete Guide to Affordable Comfort,category,Underwear & Socks,https://repsootd.com/products/?q=Underwear+%26+Socks,False
blog/cssbuy-sp5der-2026-the-complete-guide-to-young-thugs-streetwear-vision.md,CSSBuy Sp5der 2026: The Complete Guide to Young Thug''''s Streetwear Vision,all-products,All Products,https://repsootd.com/products/,False
blog/cssbuy-spider-2026-urban-streetwear-at-unbeatable-prices.md,CSSBuy Spider 2026: Urban Streetwear at Unbeatable Prices,all-products,All Products,https://repsootd.com/products/,False
blog/cssbuy-sports-2026-complete-sports-product-sourcing-guide.md,CSSBuy Sports 2026: Complete Sports Product Sourcing Guide,all-products,All Products,https://repsootd.com/products/,False
blog/cssbuy-sports-clothes-2026-complete-guide-to-verified-athletic-apparel.md,CSSBuy Sports Clothes 2026: Complete Guide to Verified Athletic Apparel,all-products,All Products,https://repsootd.com/products/,False
blog/cssbuy-sports-gear-2026-complete-guide-to-verified-athletic-equipment.md,CSSBuy Sports Gear 2026: Complete Guide to Verified Athletic Equipment,all-products,All Products,https://repsootd.com/products/,False
blog/cssbuy-spring-clothes-2026-verified-seasonal-styles-for-every-wardrobe.md,CSSBuy Spring Clothes 2026: Verified Seasonal Styles for Every Wardrobe,all-products,All Products,https://repsootd.com/products/,False
blog/cssbuy-start-here-2026-quick-start-guide-for-absolute-beginners.md,CSSBuy Start Here 2026: Quick-Start Guide for Absolute Beginners,all-products,All Products,https://repsootd.com/products/,False
blog/cssbuy-step-by-step-2026-your-complete-walkthrough-from-account-to-delivery.md,CSSBuy Step by Step 2026: Your Complete Walkthrough from Account to Delivery,all-products,All Products,https://repsootd.com/products/,False
blog/cssbuy-stone-island-2026-complete-guide-to-italian-technical-wear.md,CSSBuy Stone Island 2026: Complete Guide to Italian Technical Wear,brand,Stone Island,https://repsootd.com/products/?q=Stone+Island,False
blog/cssbuy-streetwear-2026-complete-streetwear-sourcing-guide.md,CSSBuy Streetwear 2026: Complete Streetwear Sourcing Guide,all-products,All Products,https://repsootd.com/products/,False
blog/cssbuy-streetwear-2026-ultimate-street-style-collection.md,CSSBuy Streetwear 2026: Ultimate Street Style Collection,all-products,All Products,https://repsootd.com/products/,False
blog/cssbuy-streetwear-shoes-2026-urban-style-meets-verified-quality.md,CSSBuy Streetwear Shoes 2026: Urban Style Meets Verified Quality,category,Shoes & Sneakers,https://repsootd.com/products/?q=Shoes+%26+Sneakers,False
blog/cssbuy-stussy-2026-complete-guide-to-og-streetwear.md,CSSBuy Stussy 2026: Complete Guide to OG Streetwear,brand,Stussy,https://repsootd.com/products/?q=Stussy,False
blog/cssbuy-summer-2026-best-summer-fashion-finds.md,CSSBuy Summer 2026: Best Summer Fashion Finds,all-products,All Products,https://repsootd.com/products/,False
blog/cssbuy-summer-clothes-2026-your-complete-guide-to-seasonal-style.md,CSSBuy Summer Clothes 2026: Your Complete Guide to Seasonal Style,all-products,All Products,https://repsootd.com/products/,False
blog/cssbuy-summer-deals-2026-beat-the-heat-with-hot-savings.md,CSSBuy Summer Deals 2026: Beat the Heat with Hot Savings,all-products,All Products,https://repsootd.com/products/,False
blog/cssbuy-sunglasses-2026-complete-guide-to-verified-eyewear.md,CSSBuy Sunglasses 2026: Complete Guide to Verified Eyewear,category,Eyewear,https://repsootd.com/products/?q=Eyewear,False
blog/cssbuy-supreme-2026-your-ultimate-guide-to-authentic-streetwear-at-unbeatable-prices.md,CSSBuy Supreme 2026: Your Ultimate Guide to Authentic Streetwear at Unbeatable Prices,all-products,All Products,https://repsootd.com/products/,False
blog/cssbuy-supreme-hoodie-2026-the-definitive-guide-to-streetwears-most-iconic-piece.md,CSSBuy Supreme Hoodie 2026: The Definitive Guide to Streetwear''''s Most Iconic Piece,category,Hoodies & Sweatshirts,https://repsootd.com/products/?q=Hoodies+%26+Sweatshirts,False
blog/cssbuy-sweatpants-2026-complete-guide-to-verified-joggers-and-sweatpants.md,CSSBuy Sweatpants 2026: Complete Guide to Verified Joggers and Sweatpants,category,Pants,https://repsootd.com/products/?q=Pants,False
blog/cssbuy-t-shirt-2026-verified-streetwear-and-designer-t-shirt-collection.md,CSSBuy T-Shirt 2026: Verified Streetwear & Designer T-Shirt Collection,category,T-Shirts,https://repsootd.com/products/?q=T-Shirts,False
blog/cssbuy-t-shirt-guide-2026-complete-buying-guide-for-branded-tees.md,CSSBuy T-Shirt Guide 2026: Complete Buying Guide for Branded Tees,category,T-Shirts,https://repsootd.com/products/?q=T-Shirts,False
blog/cssbuy-t-shirts-2026-complete-guide-to-premium-streetwear-tees.md,CSSBuy T-Shirts 2026: Complete Guide to Premium Streetwear Tees,all-products,All Products,https://repsootd.com/products/,False
blog/cssbuy-t-shirts-2026-complete-t-shirt-sourcing-guide.md,CSSBuy T-Shirts 2026: Complete T-Shirt Sourcing Guide,category,T-Shirts,https://repsootd.com/products/?q=T-Shirts,False
blog/cssbuy-tech-fleece-2026-your-complete-guide-to-tech-fleece-products-on-cssbuy.md,CSSBuy Tech Fleece 2026: Your Complete Guide to Tech Fleece Products on CSSBuy,all-products,All Products,https://repsootd.com/products/,False
blog/cssbuy-tech-gadgets-2026-complete-guide-to-electronics-and-smart-devices.md,CSSBuy Tech Gadgets 2026: Complete Guide to Electronics and Smart Devices,category,Electronics,https://repsootd.com/products/?q=Electronics,False
blog/cssbuy-telegram-2026-complete-guide-to-community-and-updates.md,CSSBuy Telegram 2026: Complete Guide to Community & Updates,all-products,All Products,https://repsootd.com/products/,False
blog/cssbuy-telegram-2026-your-gateway-to-real-time-shopping-intelligence.md,CSSBuy Telegram 2026: Your Gateway to Real-Time Shopping Intelligence,all-products,All Products,https://repsootd.com/products/,False
blog/cssbuy-telegram-guide-2026-complete-resource-for-community-shopping.md,CSSBuy Telegram Guide 2026: Complete Resource for Community Shopping,all-products,All Products,https://repsootd.com/products/,False
blog/cssbuy-template-customizable-framework-for-product-research.md,CSSBuy Template: Customizable Framework for Product Research,all-products,All Products,https://repsootd.com/products/,False
blog/cssbuy-tennis-gear-2026-complete-guide-to-court-equipment-and-apparel.md,CSSBuy Tennis Gear 2026: Complete Guide to Court Equipment and Apparel,all-products,All Products,https://repsootd.com/products/,False
blog/cssbuy-tennis-shoes-2026-athletic-footwear-collection-guide.md,CSSBuy Tennis Shoes 2026: Athletic Footwear Collection Guide,category,Shoes & Sneakers,https://repsootd.com/products/?q=Shoes+%26+Sneakers,False
blog/cssbuy-the-best-discover-top-rated-products-with-proven-quality.md,CSSBuy The Best: Discover Top-Rated Products with Proven Quality,all-products,All Products,https://repsootd.com/products/,False
blog/cssbuy-the-north-face-2026-complete-guide-to-outdoor-performance-wear.md,CSSBuy The North Face 2026: Complete Guide to Outdoor Performance Wear,all-products,All Products,https://repsootd.com/products/,False
blog/cssbuy-the-north-face-2026-the-complete-guide-to-outdoor-performance-streetwear.md,CSSBuy The North Face 2026: The Complete Guide to Outdoor Performance Streetwear,all-products,All Products,https://repsootd.com/products/,False
blog/cssbuy-tiktok-2026-complete-guide-to-social-media-presence-and-community-engagement.md,CSSBuy TikTok 2026: Complete Guide to Social Media Presence & Community Engagement,all-products,All Products,https://repsootd.com/products/,False
blog/cssbuy-timberland-2026-complete-guide-to-iconic-premium-boots.md,CSSBuy Timberland 2026: Complete Guide to Iconic Premium Boots,all-products,All Products,https://repsootd.com/products/,False
blog/cssbuy-tissot-2026-premium-replica-watches-with-verified-quality-data.md,CSSBuy Tissot 2026: Premium Replica Watches with Verified Quality Data,all-products,All Products,https://repsootd.com/products/,False
blog/cssbuy-tommy-hilfiger-2026-complete-guide-to-american-classic-style.md,CSSBuy Tommy Hilfiger 2026: Complete Guide to American Classic Style,all-products,All Products,https://repsootd.com/products/,False
blog/cssbuy-top-up-guide.md,CSSBuy: Top Up Guide,all-products,All Products,https://repsootd.com/products/,False
blog/cssbuy-tracking-guide-2026-complete-order-monitoring-from-purchase-to-delivery.md,CSSBuy Tracking Guide 2026: Complete Order Monitoring from Purchase to Delivery,all-products,All Products,https://repsootd.com/products/,False
blog/cssbuy-tracksuit-2026-complete-collection-of-verified-tracksuits.md,CSSBuy Tracksuit 2026: Complete Collection of Verified Tracksuits,category,Sets,https://repsootd.com/products/?q=Sets,False
blog/cssbuy-tracksuit-guide-2026-complete-buying-guide-for-verified-tracksuits.md,CSSBuy Tracksuit Guide 2026: Complete Buying Guide for Verified Tracksuits,category,Sets,https://repsootd.com/products/?q=Sets,False
blog/cssbuy-trapstar-2026-londons-streetwear-phenomenon-goes-global.md,CSSBuy Trapstar 2026: London''''s Streetwear Phenomenon Goes Global,brand,Trapstar,https://repsootd.com/products/?q=Trapstar,False
blog/cssbuy-trending-hot-products-and-rising-sellers-in-2026.md,CSSBuy Trending: Hot Products and Rising Sellers in 2026,all-products,All Products,https://repsootd.com/products/,False
blog/cssbuy-true-religion-2026-complete-guide-to-premium-american-denim.md,CSSBuy True Religion 2026: Complete Guide to Premium American Denim,all-products,All Products,https://repsootd.com/products/,False
blog/cssbuy-trust-guide-2026-building-confidence-through-verified-data-and-real-results.md,CSSBuy Trust Guide 2026: Building Confidence Through Verified Data and Real Results,all-products,All Products,https://repsootd.com/products/,False
blog/cssbuy-trustpilot-2026-complete-guide-to-platform-ratings-and-customer-trust-metrics.md,CSSBuy Trustpilot 2026: Complete Guide to Platform Ratings & Customer Trust Metrics,all-products,All Products,https://repsootd.com/products/,False
blog/cssbuy-trustpilot-reviews-2026-complete-analysis-of-customer-feedback.md,CSSBuy Trustpilot Reviews 2026: Complete Analysis of Customer Feedback,all-products,All Products,https://repsootd.com/products/,False
blog/cssbuy-trustworthy-2026-evidence-based-analysis-of-platform-credibility.md,CSSBuy Trustworthy 2026: Evidence-Based Analysis of Platform Credibility,all-products,All Products,https://repsootd.com/products/,False
blog/cssbuy-tutorial-2026-step-by-step-platform-walkthrough.md,CSSBuy Tutorial 2026: Step-by-Step Platform Walkthrough,all-products,All Products,https://repsootd.com/products/,False
blog/cssbuy-ugg-lowmel-2026-complete-guide-to-premium-comfort-footwear.md,CSSBuy UGG Lowmel 2026: Complete Guide to Premium Comfort Footwear,category,Shoes & Sneakers,https://repsootd.com/products/?q=Shoes+%26+Sneakers,False
blog/cssbuy-uk-2026-complete-guide-to-shopping-from-china.md,CSSBuy UK 2026: Complete Guide to Shopping from China,all-products,All Products,https://repsootd.com/products/,False
blog/cssbuy-uk-guide-2026-fashion-discovery-for-british-users.md,CSSBuy UK Guide 2026: Fashion Discovery for British Users,all-products,All Products,https://repsootd.com/products/,False
blog/cssbuy-ultimate-guide-2026-the-definitive-resource-for-smart-buyers.md,CSSBuy Ultimate Guide 2026: The Definitive Resource for Smart Buyers,all-products,All Products,https://repsootd.com/products/,False
blog/cssbuy-ultimate-the-complete-guide-to-data-driven-shopping.md,CSSBuy Ultimate: The Complete Guide to Data-Driven Shopping,all-products,All Products,https://repsootd.com/products/,False
blog/cssbuy-unboxing-2026-what-to-expect-when-your-package-arrives.md,CSSBuy Unboxing 2026: What to Expect When Your Package Arrives,all-products,All Products,https://repsootd.com/products/,False
blog/cssbuy-underwear-2026-complete-guide-to-affordable-essentials.md,CSSBuy Underwear 2026: Complete Guide to Affordable Essentials,brand,Essentials,https://repsootd.com/products/?q=Essentials,False
blog/cssbuy-update-latest-data-on-verified-sellers-and-quality-metrics.md,CSSBuy Update: Latest Data on Verified Sellers and Quality Metrics,all-products,All Products,https://repsootd.com/products/,False
blog/cssbuy-us-shipping-2026-complete-guide-to-united-states-delivery.md,CSSBuy US Shipping 2026: Complete Guide to United States Delivery,all-products,All Products,https://repsootd.com/products/,False
blog/cssbuy-user-reviews-2026-real-feedback-from-verified-buyers.md,CSSBuy User Reviews 2026: Real Feedback from Verified Buyers,all-products,All Products,https://repsootd.com/products/,False
blog/cssbuy-v2-enhanced-features-for-better-shopping-experience.md,CSSBuy V2: Enhanced Features for Better Shopping Experience,all-products,All Products,https://repsootd.com/products/,False
blog/cssbuy-valentino-2026-the-complete-guide-to-italian-romantic-luxury.md,CSSBuy Valentino 2026: The Complete Guide to Italian Romantic Luxury,all-products,All Products,https://repsootd.com/products/,False
blog/cssbuy-value-shopping-2026-maximizing-quality-per-dollar-spent.md,CSSBuy Value Shopping 2026: Maximizing Quality Per Dollar Spent,all-products,All Products,https://repsootd.com/products/,False
blog/cssbuy-vans-2026-the-ultimate-guide-to-classic-skate-inspired-sneakers.md,CSSBuy Vans 2026: The Ultimate Guide to Classic Skate-Inspired Sneakers,category,Shoes & Sneakers,https://repsootd.com/products/?q=Shoes+%26+Sneakers,False
blog/cssbuy-vapormax-2026-the-ultimate-guide-to-nikes-most-comfortable-sneaker.md,CSSBuy Vapormax 2026: The Ultimate Guide to Nike''''s Most Comfortable Sneaker,brand,Nike,https://repsootd.com/products/?q=Nike,False
blog/cssbuy-venum-2026-premium-fight-gear-at-unbeatable-prices.md,CSSBuy Venum 2026: Premium Fight Gear at Unbeatable Prices,all-products,All Products,https://repsootd.com/products/,False
blog/cssbuy-verified-complete-guide-to-trusted-sellers-and-quality-data.md,CSSBuy Verified: Complete Guide to Trusted Sellers and Quality Data,all-products,All Products,https://repsootd.com/products/,False
blog/cssbuy-verified-products-2026-complete-guide-to-quality-assured-items-and-authentication-standards.md,CSSBuy Verified Products 2026: Complete Guide to Quality-Assured Items & Authentication Standards,all-products,All Products,https://repsootd.com/products/,False
blog/cssbuy-verified-sellers-2026-complete-guide-to-trusted-vendor-assessment-and-reliability-ratings.md,CSSBuy Verified Sellers 2026: Complete Guide to Trusted Vendor Assessment & Reliability Ratings,all-products,All Products,https://repsootd.com/products/,False
blog/cssbuy-versace-2026-the-complete-guide-to-bold-italian-glamour.md,CSSBuy Versace 2026: The Complete Guide to Bold Italian Glamour,all-products,All Products,https://repsootd.com/products/,False
blog/cssbuy-vest-2026-complete-guide-to-verified-vest-collection.md,CSSBuy Vest 2026: Complete Guide to Verified Vest Collection,all-products,All Products,https://repsootd.com/products/,False
blog/cssbuy-vetements-2026-complete-guide-to-avant-garde-luxury-streetwear.md,CSSBuy Vetements 2026: Complete Guide to Avant-Garde Luxury Streetwear,all-products,All Products,https://repsootd.com/products/,False
blog/cssbuy-victoria-secret-2026-intimate-apparel-and-beauty-at-smart-prices.md,CSSBuy Victoria Secret 2026: Intimate Apparel and Beauty at Smart Prices,all-products,All Products,https://repsootd.com/products/,False
blog/cssbuy-vivienne-westwood-2026-the-complete-guide-to-punk-fashion-legacy.md,CSSBuy Vivienne Westwood 2026: The Complete Guide to Punk Fashion Legacy,brand,Vivienne Westwood,https://repsootd.com/products/?q=Vivienne+Westwood,False
blog/cssbuy-vlone-2026-the-complete-guide-to-a-ap-baris-streetwear-legacy.md,CSSBuy Vlone 2026: The Complete Guide to A$AP Bari''''s Streetwear Legacy,brand,Vlone,https://repsootd.com/products/?q=Vlone,False
blog/cssbuy-vs-cssbuy-2026-complete-platform-comparison.md,CSSBuy vs cssbuy 2026: Complete Platform Comparison,all-products,All Products,https://repsootd.com/products/,False
blog/cssbuy-vs-hoobuy-2026-comprehensive-platform-analysis.md,CSSBuy vs Hoobuy 2026: Comprehensive Platform Analysis,all-products,All Products,https://repsootd.com/products/,False
blog/cssbuy-vs-litbuy-2026-complete-platform-comparison.md,CSSBuy vs Litbuy 2026: Complete Platform Comparison,all-products,All Products,https://repsootd.com/products/,False
blog/cssbuy-vs-oopbuy-2026-complete-platform-comparison.md,CSSBuy vs Oopbuy 2026: Complete Platform Comparison,all-products,All Products,https://repsootd.com/products/,False
blog/cssbuy-vs-pandabuy-2026-detailed-platform-comparison.md,CSSBuy vs Pandabuy 2026: Detailed Platform Comparison,all-products,All Products,https://repsootd.com/products/,False
blog/cssbuy-walkthrough-2026-visual-guide-to-the-complete-buying-process.md,CSSBuy Walkthrough 2026: Visual Guide to the Complete Buying Process,all-products,All Products,https://repsootd.com/products/,False
blog/cssbuy-wallet-2026-complete-guide-to-verified-wallets-and-card-holders.md,CSSBuy Wallet 2026: Complete Guide to Verified Wallets and Card Holders,all-products,All Products,https://repsootd.com/products/,False
blog/cssbuy-warehouse-guide.md,CSSBuy: Warehouse Guide,all-products,All Products,https://repsootd.com/products/,False
blog/cssbuy-warranty-guide-2026-complete-resource-for-product-coverage-and-claims.md,CSSBuy Warranty Guide 2026: Complete Resource for Product Coverage & Claims,all-products,All Products,https://repsootd.com/products/,False
blog/cssbuy-watch-2026-complete-guide-to-affordable-luxury-timepieces.md,CSSBuy Watch 2026: Complete Guide to Affordable Luxury Timepieces,category,Mechanical Watches,https://repsootd.com/products/?q=Mechanical+Watches,False
blog/cssbuy-watches-2026-complete-watch-sourcing-guide.md,CSSBuy Watches 2026: Complete Watch Sourcing Guide,category,Mechanical Watches,https://repsootd.com/products/?q=Mechanical+Watches,False
blog/cssbuy-watches-2026-ultimate-guide-to-luxury-inspired-timepieces.md,CSSBuy Watches 2026: Ultimate Guide to Luxury-Inspired Timepieces,all-products,All Products,https://repsootd.com/products/,False
blog/cssbuy-watches-guide-2026-complete-buyers-handbook-for-luxury-timepieces.md,CSSBuy Watches Guide 2026: Complete Buyer''''s Handbook for Luxury Timepieces,all-products,All Products,https://repsootd.com/products/,False
blog/cssbuy-website-complete-online-resource-guide.md,CSSBuy Website: Complete Online Resource Guide,all-products,All Products,https://repsootd.com/products/,False
blog/cssbuy-wholesale-guide-2026-professional-sourcing-for-business-success.md,CSSBuy Wholesale Guide 2026: Professional Sourcing for Business Success,all-products,All Products,https://repsootd.com/products/,False
blog/cssbuy-winter-clothes-2026-your-complete-guide-to-cold-weather-style.md,CSSBuy Winter Clothes 2026: Your Complete Guide to Cold Weather Style,all-products,All Products,https://repsootd.com/products/,False
blog/cssbuy-winter-deals-2026-stay-warm-with-incredible-savings.md,CSSBuy Winter Deals 2026: Stay Warm with Incredible Savings,all-products,All Products,https://repsootd.com/products/,False
blog/cssbuy-with-photos-visual-product-database-guide.md,CSSBuy with Photos: Visual Product Database Guide,all-products,All Products,https://repsootd.com/products/,False
blog/cssbuy-with-qc-2026-complete-quality-control-photo-database-and-verification.md,CSSBuy With QC 2026: Complete Quality Control Photo Database & Verification,all-products,All Products,https://repsootd.com/products/,False
blog/cssbuy-with-qc-2026-why-quality-control-matters-for-every-order.md,CSSBuy With QC 2026: Why Quality Control Matters for Every Order,all-products,All Products,https://repsootd.com/products/,False
blog/cssbuy-with-qc-how-to-check-product-quality-before-buying.md,CSSBuy With QC: How To Check Product Quality Before Buying,all-products,All Products,https://repsootd.com/products/,False
blog/cssbuy-with-qc-photos-2026-visual-evidence-that-protects-every-purchase.md,CSSBuy With QC Photos 2026: Visual Evidence That Protects Every Purchase,all-products,All Products,https://repsootd.com/products/,False
blog/cssbuy-with-qc-photos-complete-visual-quality-verification-guide.md,CSSBuy with QC Photos: Complete Visual Quality Verification Guide,all-products,All Products,https://repsootd.com/products/,False
blog/cssbuy-with-qc-reddit-2026-what-the-community-says-about-quality-control.md,CSSBuy With QC Reddit 2026: What the Community Says About Quality Control,all-products,All Products,https://repsootd.com/products/,False
blog/cssbuy-with-qc-reddit-community-driven-quality-verification.md,CSSBuy with QC Reddit: Community-Driven Quality Verification,all-products,All Products,https://repsootd.com/products/,False
blog/cssbuy-with-reviews-comprehensive-buyer-feedback-database.md,CSSBuy with Reviews: Comprehensive Buyer Feedback Database,all-products,All Products,https://repsootd.com/products/,False
blog/cssbuy-with-sales-transaction-data-and-market-analysis.md,CSSBuy with Sales: Transaction Data and Market Analysis,all-products,All Products,https://repsootd.com/products/,False
blog/cssbuy-women-2026-latest-fashion-trends-and-quality-products-for-women.md,CSSBuy Women 2026: Latest Fashion Trends and Quality Products for Women,all-products,All Products,https://repsootd.com/products/,False
blog/cssbuy-women-clothes-2026-complete-guide-to-womens-fashion-collection.md,CSSBuy Women Clothes 2026: Complete Guide to Women''''s Fashion Collection,all-products,All Products,https://repsootd.com/products/,False
blog/cssbuy-women-complete-fashion-and-lifestyle-guide-for-female-shoppers.md,CSSBuy Women: Complete Fashion and Lifestyle Guide for Female Shoppers,all-products,All Products,https://repsootd.com/products/,False
blog/cssbuy-women-shoes-2026-complete-collection-of-stylish-footwear.md,CSSBuy Women Shoes 2026: Complete Collection of Stylish Footwear,category,Shoes & Sneakers,https://repsootd.com/products/?q=Shoes+%26+Sneakers,False
blog/cssbuy-women-sizes-2026-complete-guide-to-womens-sizing.md,CSSBuy Women Sizes 2026: Complete Guide to Women''''s Sizing,all-products,All Products,https://repsootd.com/products/,False
blog/cssbuy-womens-accessories-complete-guide-to-quality-fashion-accessories.md,CSSBuy Women''''s Accessories: Complete Guide to Quality Fashion Accessories,all-products,All Products,https://repsootd.com/products/,False
blog/cssbuy-womens-bags-complete-guide-to-quality-handbags-and-purses.md,CSSBuy Women''''s Bags: Complete Guide to Quality Handbags and Purses,all-products,All Products,https://repsootd.com/products/,False
blog/cssbuy-womens-clothing-comprehensive-guide-to-quality-apparel.md,CSSBuy Women''''s Clothing: Comprehensive Guide to Quality Apparel,all-products,All Products,https://repsootd.com/products/,False
blog/cssbuy-womens-comprehensive-guide-to-womens-fashion-and-products.md,CSSBuy Women''''s: Comprehensive Guide to Women''''s Fashion and Products,all-products,All Products,https://repsootd.com/products/,False
blog/cssbuy-womens-fashion-complete-guide-to-trendy-and-quality-clothing.md,CSSBuy Women''''s Fashion: Complete Guide to Trendy and Quality Clothing,all-products,All Products,https://repsootd.com/products/,False
blog/cssbuy-womens-shoes-complete-guide-to-footwear-for-every-occasion.md,CSSBuy Women''''s Shoes: Complete Guide to Footwear for Every Occasion,category,Shoes & Sneakers,https://repsootd.com/products/?q=Shoes+%26+Sneakers,False
blog/cssbuy-worldwide-shipping-2026-complete-global-delivery-guide.md,CSSBuy Worldwide Shipping 2026: Complete Global Delivery Guide,all-products,All Products,https://repsootd.com/products/,False
blog/cssbuy-xxl-2026-complete-extended-size-fashion-sourcing-guide.md,CSSBuy XXL 2026: Complete Extended Size Fashion Sourcing Guide,all-products,All Products,https://repsootd.com/products/,False
blog/cssbuy-xxl-shoes-2026-complete-guide-to-extended-size-footwear.md,CSSBuy XXL Shoes 2026: Complete Guide to Extended Size Footwear,category,Shoes & Sneakers,https://repsootd.com/products/?q=Shoes+%26+Sneakers,False
blog/cssbuy-xxl-sizes-2026-comprehensive-guide-to-extended-size-shopping.md,CSSBuy XXL Sizes 2026: Comprehensive Guide to Extended Size Shopping,all-products,All Products,https://repsootd.com/products/,False
blog/cssbuy-yeezy-2026-complete-guide-to-kanye-wests-iconic-sneaker-line.md,CSSBuy Yeezy 2026: Complete Guide to Kanye West''''s Iconic Sneaker Line,category,Shoes & Sneakers,https://repsootd.com/products/?q=Shoes+%26+Sneakers,False
blog/cssbuy-young-la-2026-complete-guide-to-premium-gym-streetwear.md,CSSBuy Young LA 2026: Complete Guide to Premium Gym Streetwear,all-products,All Products,https://repsootd.com/products/,False
blog/cssbuy-ysl-2026-the-complete-guide-to-rock-chic-parisian-luxury.md,CSSBuy YSL 2026: The Complete Guide to Rock-Chic Parisian Luxury,all-products,All Products,https://repsootd.com/products/,False
blog/cssbuy-yupoo-2026-authentic-product-catalog-at-unbeatable-prices.md,CSSBuy Yupoo 2026: Authentic Product Catalog at Unbeatable Prices,all-products,All Products,https://repsootd.com/products/,False
blog/cssbuy-zara-2026-complete-guide-to-fast-fashion-trends.md,CSSBuy Zara 2026: Complete Guide to Fast Fashion Trends,all-products,All Products,https://repsootd.com/products/,False
blog/cssbuy.md,CSSBuy 项目全面审查报告,all-products,All Products,https://repsootd.com/products/,False
blog/how-to-buy-from-taobao-with-cssbuy-in-brazil-practical-guide.md,How to Buy from Taobao with CSSBuy in Brazil: A Practical Guide,all-products,All Products,https://repsootd.com/products/,True
blog/paypal-card-payments-cssbuy-brazil-buyers.md,PayPal and Card Payments on CSSBuy for Brazilian Buyers,all-products,All Products,https://repsootd.com/products/,True
blog/pix-local-payment-cssbuy-brazil-verify-availability.md,Pix and Local Payment Questions for CSSBuy Brazil: How to Verify Availability,all-products,All Products,https://repsootd.com/products/,True
